Parti,Nombre de sièges,Nombre de voix,canton,date,election
PS,,7617,Canton d'Andenne,2009,parlement-wallon
CDH,,2812,Canton d'Andenne,2009,parlement-wallon
MR,,4612,Canton d'Andenne,2009,parlement-wallon
ECOLO,,4807,Canton d'Andenne,2009,parlement-wallon
R.W.F.,,444,Canton d'Andenne,2009,parlement-wallon
FN,,620,Canton d'Andenne,2009,parlement-wallon
PTB+,,177,Canton d'Andenne,2009,parlement-wallon
PC - GE,,19,Canton d'Andenne,2009,parlement-wallon
MS,,82,Canton d'Andenne,2009,parlement-wallon
WALLONIE D'ABORD,,261,Canton d'Andenne,2009,parlement-wallon
CDF,,51,Canton d'Andenne,2009,parlement-wallon
FN PLUS,,81,Canton d'Andenne,2009,parlement-wallon
OSER,,70,Canton d'Andenne,2009,parlement-wallon
LiDé,,83,Canton d'Andenne,2009,parlement-wallon
PS,,6072,Canton d'Antoing,2009,parlement-wallon
CDH,,1918,Canton d'Antoing,2009,parlement-wallon
MR,,2096,Canton d'Antoing,2009,parlement-wallon
ECOLO,,1528,Canton d'Antoing,2009,parlement-wallon
R.W.F.,,106,Canton d'Antoing,2009,parlement-wallon
FN,,348,Canton d'Antoing,2009,parlement-wallon
PTB+,,43,Canton d'Antoing,2009,parlement-wallon
PC - GE,,53,Canton d'Antoing,2009,parlement-wallon
WALLONIE D'ABORD,,73,Canton d'Antoing,2009,parlement-wallon
FN PLUS,,63,Canton d'Antoing,2009,parlement-wallon
WALLONS,,88,Canton d'Antoing,2009,parlement-wallon
PS,,3658,Canton d'Arlon,2009,parlement-wallon
CDH,,6058,Canton d'Arlon,2009,parlement-wallon
MR,,4116,Canton d'Arlon,2009,parlement-wallon
ECOLO,,4680,Canton d'Arlon,2009,parlement-wallon
R.W.F.,,192,Canton d'Arlon,2009,parlement-wallon
PTB+,,91,Canton d'Arlon,2009,parlement-wallon
PC - GE,,66,Canton d'Arlon,2009,parlement-wallon
MS,,39,Canton d'Arlon,2009,parlement-wallon
FN PLUS,,543,Canton d'Arlon,2009,parlement-wallon
PS,,7965,Canton d'Ath,2009,parlement-wallon
CDH,,1860,Canton d'Ath,2009,parlement-wallon
MR,,3815,Canton d'Ath,2009,parlement-wallon
ECOLO,,2603,Canton d'Ath,2009,parlement-wallon
R.W.F.,,195,Canton d'Ath,2009,parlement-wallon
FN,,475,Canton d'Ath,2009,parlement-wallon
PTB+,,122,Canton d'Ath,2009,parlement-wallon
PC - GE,,62,Canton d'Ath,2009,parlement-wallon
WALLONIE D'ABORD,,225,Canton d'Ath,2009,parlement-wallon
FN PLUS,,76,Canton d'Ath,2009,parlement-wallon
WALLONS,,333,Canton d'Ath,2009,parlement-wallon
PS,,1354,Canton d'Aubel,2009,parlement-wallon
CDH,,2232,Canton d'Aubel,2009,parlement-wallon
MR,,1891,Canton d'Aubel,2009,parlement-wallon
ECOLO,,1433,Canton d'Aubel,2009,parlement-wallon
R.W.F.,,37,Canton d'Aubel,2009,parlement-wallon
FN,,223,Canton d'Aubel,2009,parlement-wallon
PTB+,,44,Canton d'Aubel,2009,parlement-wallon
PC - GE,,12,Canton d'Aubel,2009,parlement-wallon
MS,,8,Canton d'Aubel,2009,parlement-wallon
WALLONIE D'ABORD,,62,Canton d'Aubel,2009,parlement-wallon
WALLONS,,31,Canton d'Aubel,2009,parlement-wallon
FN PLUS,,26,Canton d'Aubel,2009,parlement-wallon
LiDé,,21,Canton d'Aubel,2009,parlement-wallon
VELORUTION,,26,Canton d'Aubel,2009,parlement-wallon
PS,,6903,Canton d'Aywaille,2009,parlement-wallon
CDH,,3834,Canton d'Aywaille,2009,parlement-wallon
MR,,8419,Canton d'Aywaille,2009,parlement-wallon
ECOLO,,6060,Canton d'Aywaille,2009,parlement-wallon
R.W.F.,,397,Canton d'Aywaille,2009,parlement-wallon
FN,,505,Canton d'Aywaille,2009,parlement-wallon
PTB+,,294,Canton d'Aywaille,2009,parlement-wallon
PC - GE,,81,Canton d'Aywaille,2009,parlement-wallon
MS,,15,Canton d'Aywaille,2009,parlement-wallon
CAP DORAZIO,,38,Canton d'Aywaille,2009,parlement-wallon
WALLONIE D'ABORD,,210,Canton d'Aywaille,2009,parlement-wallon
WALLONS,,125,Canton d'Aywaille,2009,parlement-wallon
PSL,,41,Canton d'Aywaille,2009,parlement-wallon
RIPOST,,13,Canton d'Aywaille,2009,parlement-wallon
FN PLUS,,53,Canton d'Aywaille,2009,parlement-wallon
LiDé,,69,Canton d'Aywaille,2009,parlement-wallon
PARTI PENSIONNES,,240,Canton d'Aywaille,2009,parlement-wallon
PS,,4546,Canton d'Eghezée,2009,parlement-wallon
CDH,,4281,Canton d'Eghezée,2009,parlement-wallon
MR,,5261,Canton d'Eghezée,2009,parlement-wallon
ECOLO,,3944,Canton d'Eghezée,2009,parlement-wallon
R.W.F.,,389,Canton d'Eghezée,2009,parlement-wallon
FN,,409,Canton d'Eghezée,2009,parlement-wallon
PTB+,,132,Canton d'Eghezée,2009,parlement-wallon
PC - GE,,30,Canton d'Eghezée,2009,parlement-wallon
MS,,8,Canton d'Eghezée,2009,parlement-wallon
WALLONIE D'ABORD,,213,Canton d'Eghezée,2009,parlement-wallon
CDF,,80,Canton d'Eghezée,2009,parlement-wallon
FN PLUS,,65,Canton d'Eghezée,2009,parlement-wallon
OSER,,113,Canton d'Eghezée,2009,parlement-wallon
LiDé,,69,Canton d'Eghezée,2009,parlement-wallon
PS,,2479,Canton d'Enghien,2009,parlement-wallon
CDH,,2370,Canton d'Enghien,2009,parlement-wallon
MR,,4096,Canton d'Enghien,2009,parlement-wallon
ECOLO,,2852,Canton d'Enghien,2009,parlement-wallon
R.W.F.,,130,Canton d'Enghien,2009,parlement-wallon
FN,,375,Canton d'Enghien,2009,parlement-wallon
PTB+,,91,Canton d'Enghien,2009,parlement-wallon
PC - GE,,25,Canton d'Enghien,2009,parlement-wallon
MS,,17,Canton d'Enghien,2009,parlement-wallon
WALLONIE D'ABORD,,131,Canton d'Enghien,2009,parlement-wallon
WALLONS,,62,Canton d'Enghien,2009,parlement-wallon
REPUBLICAIN-WALLON,,23,Canton d'Enghien,2009,parlement-wallon
FN PLUS,,51,Canton d'Enghien,2009,parlement-wallon
PS,,3815,Canton d'Estaimpuis,2009,parlement-wallon
CDH,,1134,Canton d'Estaimpuis,2009,parlement-wallon
MR,,1349,Canton d'Estaimpuis,2009,parlement-wallon
ECOLO,,1228,Canton d'Estaimpuis,2009,parlement-wallon
R.W.F.,,45,Canton d'Estaimpuis,2009,parlement-wallon
FN,,193,Canton d'Estaimpuis,2009,parlement-wallon
PTB+,,36,Canton d'Estaimpuis,2009,parlement-wallon
PC - GE,,21,Canton d'Estaimpuis,2009,parlement-wallon
WALLONIE D'ABORD,,35,Canton d'Estaimpuis,2009,parlement-wallon
FN PLUS,,32,Canton d'Estaimpuis,2009,parlement-wallon
WALLONS,,44,Canton d'Estaimpuis,2009,parlement-wallon
PS,,2244,Canton d'Etalle,2009,parlement-wallon
CDH,,2660,Canton d'Etalle,2009,parlement-wallon
MR,,3097,Canton d'Etalle,2009,parlement-wallon
ECOLO,,1993,Canton d'Etalle,2009,parlement-wallon
R.W.F.,,120,Canton d'Etalle,2009,parlement-wallon
PTB+,,34,Canton d'Etalle,2009,parlement-wallon
PC - GE,,19,Canton d'Etalle,2009,parlement-wallon
CDF,,32,Canton d'Etalle,2009,parlement-wallon
ACNV,,134,Canton d'Etalle,2009,parlement-wallon
PS,,4242,Canton d'Eupen,2009,parlement-wallon
CDH,,4890,Canton d'Eupen,2009,parlement-wallon
MR,,4175,Canton d'Eupen,2009,parlement-wallon
ECOLO,,4472,Canton d'Eupen,2009,parlement-wallon
R.W.F.,,46,Canton d'Eupen,2009,parlement-wallon
FN,,932,Canton d'Eupen,2009,parlement-wallon
PTB+,,74,Canton d'Eupen,2009,parlement-wallon
PC - GE,,30,Canton d'Eupen,2009,parlement-wallon
MS,,34,Canton d'Eupen,2009,parlement-wallon
WALLONIE D'ABORD,,149,Canton d'Eupen,2009,parlement-wallon
WALLONS,,140,Canton d'Eupen,2009,parlement-wallon
FN PLUS,,247,Canton d'Eupen,2009,parlement-wallon
LiDé,,77,Canton d'Eupen,2009,parlement-wallon
VELORUTION,,39,Canton d'Eupen,2009,parlement-wallon
PS,,8209,Canton de Bassenge,2009,parlement-wallon
CDH,,5320,Canton de Bassenge,2009,parlement-wallon
MR,,5045,Canton de Bassenge,2009,parlement-wallon
ECOLO,,4121,Canton de Bassenge,2009,parlement-wallon
R.W.F.,,273,Canton de Bassenge,2009,parlement-wallon
FN,,616,Canton de Bassenge,2009,parlement-wallon
PTB+,,545,Canton de Bassenge,2009,parlement-wallon
PC - GE,,36,Canton de Bassenge,2009,parlement-wallon
MS,,18,Canton de Bassenge,2009,parlement-wallon
CAP DORAZIO,,34,Canton de Bassenge,2009,parlement-wallon
WALLONIE D'ABORD,,190,Canton de Bassenge,2009,parlement-wallon
WALLONS,,123,Canton de Bassenge,2009,parlement-wallon
PSL,,30,Canton de Bassenge,2009,parlement-wallon
RIPOST,,15,Canton de Bassenge,2009,parlement-wallon
FN PLUS,,47,Canton de Bassenge,2009,parlement-wallon
LiDé,,46,Canton de Bassenge,2009,parlement-wallon
PARTI PENSIONNES,,211,Canton de Bassenge,2009,parlement-wallon
PS,,1230,Canton de Bastogne,2009,parlement-wallon
CDH,,4878,Canton de Bastogne,2009,parlement-wallon
MR,,3561,Canton de Bastogne,2009,parlement-wallon
ECOLO,,1116,Canton de Bastogne,2009,parlement-wallon
R.W.F.,,71,Canton de Bastogne,2009,parlement-wallon
PTB+,,26,Canton de Bastogne,2009,parlement-wallon
PC - GE,,15,Canton de Bastogne,2009,parlement-wallon
MS,,10,Canton de Bastogne,2009,parlement-wallon
FN PLUS,,215,Canton de Bastogne,2009,parlement-wallon
PS,,2853,Canton de Beaumont,2009,parlement-wallon
CDH,,2135,Canton de Beaumont,2009,parlement-wallon
MR,,2254,Canton de Beaumont,2009,parlement-wallon
ECOLO,,1359,Canton de Beaumont,2009,parlement-wallon
R.W.F.,,165,Canton de Beaumont,2009,parlement-wallon
PTB+,,68,Canton de Beaumont,2009,parlement-wallon
PC - GE,,22,Canton de Beaumont,2009,parlement-wallon
MS,,15,Canton de Beaumont,2009,parlement-wallon
WALLONIE D'ABORD,,102,Canton de Beaumont,2009,parlement-wallon
WALLONS,,72,Canton de Beaumont,2009,parlement-wallon
FN PLUS,,308,Canton de Beaumont,2009,parlement-wallon
PS,,2824,Canton de Beauraing,2009,parlement-wallon
CDH,,1186,Canton de Beauraing,2009,parlement-wallon
MR,,2431,Canton de Beauraing,2009,parlement-wallon
ECOLO,,1320,Canton de Beauraing,2009,parlement-wallon
R.W.F.,,137,Canton de Beauraing,2009,parlement-wallon
FN,,147,Canton de Beauraing,2009,parlement-wallon
PTB+,,36,Canton de Beauraing,2009,parlement-wallon
PC - GE,,10,Canton de Beauraing,2009,parlement-wallon
MS,,12,Canton de Beauraing,2009,parlement-wallon
WALLONIE D'ABORD,,87,Canton de Beauraing,2009,parlement-wallon
CDF,,42,Canton de Beauraing,2009,parlement-wallon
FN PLUS,,26,Canton de Beauraing,2009,parlement-wallon
LiDé,,43,Canton de Beauraing,2009,parlement-wallon
PS,,7136,Canton de Beloeil,2009,parlement-wallon
CDH,,1326,Canton de Beloeil,2009,parlement-wallon
MR,,3496,Canton de Beloeil,2009,parlement-wallon
ECOLO,,1965,Canton de Beloeil,2009,parlement-wallon
R.W.F.,,172,Canton de Beloeil,2009,parlement-wallon
FN,,487,Canton de Beloeil,2009,parlement-wallon
PTB+,,125,Canton de Beloeil,2009,parlement-wallon
PC - GE,,55,Canton de Beloeil,2009,parlement-wallon
WALLONIE D'ABORD,,113,Canton de Beloeil,2009,parlement-wallon
FN PLUS,,58,Canton de Beloeil,2009,parlement-wallon
WALLONS,,129,Canton de Beloeil,2009,parlement-wallon
PS,,16641,Canton de Binche,2009,parlement-wallon
CDH,,3358,Canton de Binche,2009,parlement-wallon
MR,,4674,Canton de Binche,2009,parlement-wallon
ECOLO,,4359,Canton de Binche,2009,parlement-wallon
R.W.F.,,434,Canton de Binche,2009,parlement-wallon
PTB+,,386,Canton de Binche,2009,parlement-wallon
PC - GE,,145,Canton de Binche,2009,parlement-wallon
MS,,2893,Canton de Binche,2009,parlement-wallon
WALLONIE D'ABORD,,486,Canton de Binche,2009,parlement-wallon
WALLONS,,315,Canton de Binche,2009,parlement-wallon
FN PLUS,,1229,Canton de Binche,2009,parlement-wallon
PS,,863,Canton de Bouillon,2009,parlement-wallon
CDH,,749,Canton de Bouillon,2009,parlement-wallon
MR,,1044,Canton de Bouillon,2009,parlement-wallon
ECOLO,,558,Canton de Bouillon,2009,parlement-wallon
R.W.F.,,54,Canton de Bouillon,2009,parlement-wallon
PTB+,,17,Canton de Bouillon,2009,parlement-wallon
PC - GE,,14,Canton de Bouillon,2009,parlement-wallon
CDF,,33,Canton de Bouillon,2009,parlement-wallon
ACNV,,14,Canton de Bouillon,2009,parlement-wallon
PS,,19291,Canton de Boussu,2009,parlement-wallon
CDH,,4319,Canton de Boussu,2009,parlement-wallon
MR,,5183,Canton de Boussu,2009,parlement-wallon
ECOLO,,4886,Canton de Boussu,2009,parlement-wallon
R.W.F.,,335,Canton de Boussu,2009,parlement-wallon
FN,,1402,Canton de Boussu,2009,parlement-wallon
PTB+,,555,Canton de Boussu,2009,parlement-wallon
PC - GE,,151,Canton de Boussu,2009,parlement-wallon
MS,,55,Canton de Boussu,2009,parlement-wallon
CAP DORAZIO,,204,Canton de Boussu,2009,parlement-wallon
WALLONIE D'ABORD,,342,Canton de Boussu,2009,parlement-wallon
F.D.W.,,143,Canton de Boussu,2009,parlement-wallon
PSL,,72,Canton de Boussu,2009,parlement-wallon
LiDé,,167,Canton de Boussu,2009,parlement-wallon
FN PLUS,,403,Canton de Boussu,2009,parlement-wallon
PS,,1726,Canton de Celles,2009,parlement-wallon
CDH,,839,Canton de Celles,2009,parlement-wallon
MR,,2029,Canton de Celles,2009,parlement-wallon
ECOLO,,770,Canton de Celles,2009,parlement-wallon
R.W.F.,,22,Canton de Celles,2009,parlement-wallon
FN,,87,Canton de Celles,2009,parlement-wallon
PTB+,,32,Canton de Celles,2009,parlement-wallon
PC - GE,,18,Canton de Celles,2009,parlement-wallon
WALLONIE D'ABORD,,27,Canton de Celles,2009,parlement-wallon
FN PLUS,,13,Canton de Celles,2009,parlement-wallon
WALLONS,,33,Canton de Celles,2009,parlement-wallon
PS,,21717,Canton de Châtelet,2009,parlement-wallon
CDH,,6876,Canton de Châtelet,2009,parlement-wallon
MR,,7357,Canton de Châtelet,2009,parlement-wallon
ECOLO,,7494,Canton de Châtelet,2009,parlement-wallon
R.W.F.,,806,Canton de Châtelet,2009,parlement-wallon
FN,,2888,Canton de Châtelet,2009,parlement-wallon
PTB+,,739,Canton de Châtelet,2009,parlement-wallon
PC - GE,,127,Canton de Châtelet,2009,parlement-wallon
MS,,48,Canton de Châtelet,2009,parlement-wallon
WALLONIE D'ABORD,,548,Canton de Châtelet,2009,parlement-wallon
FN PLUS,,318,Canton de Châtelet,2009,parlement-wallon
WALLONS,,470,Canton de Châtelet,2009,parlement-wallon
LiDé,,382,Canton de Châtelet,2009,parlement-wallon
PS,,42698,Canton de Charleroi,2009,parlement-wallon
CDH,,12316,Canton de Charleroi,2009,parlement-wallon
MR,,14677,Canton de Charleroi,2009,parlement-wallon
ECOLO,,15741,Canton de Charleroi,2009,parlement-wallon
R.W.F.,,1980,Canton de Charleroi,2009,parlement-wallon
FN,,7833,Canton de Charleroi,2009,parlement-wallon
PTB+,,2392,Canton de Charleroi,2009,parlement-wallon
PC - GE,,534,Canton de Charleroi,2009,parlement-wallon
MS,,178,Canton de Charleroi,2009,parlement-wallon
WALLONIE D'ABORD,,1338,Canton de Charleroi,2009,parlement-wallon
FN PLUS,,1391,Canton de Charleroi,2009,parlement-wallon
WALLONS,,1360,Canton de Charleroi,2009,parlement-wallon
LiDé,,668,Canton de Charleroi,2009,parlement-wallon
PS,,2574,Canton de Chièvres,2009,parlement-wallon
CDH,,604,Canton de Chièvres,2009,parlement-wallon
MR,,1739,Canton de Chièvres,2009,parlement-wallon
ECOLO,,870,Canton de Chièvres,2009,parlement-wallon
R.W.F.,,56,Canton de Chièvres,2009,parlement-wallon
FN,,176,Canton de Chièvres,2009,parlement-wallon
PTB+,,36,Canton de Chièvres,2009,parlement-wallon
PC - GE,,23,Canton de Chièvres,2009,parlement-wallon
WALLONIE D'ABORD,,58,Canton de Chièvres,2009,parlement-wallon
FN PLUS,,24,Canton de Chièvres,2009,parlement-wallon
WALLONS,,65,Canton de Chièvres,2009,parlement-wallon
PS,,2121,Canton de Chimay,2009,parlement-wallon
CDH,,2088,Canton de Chimay,2009,parlement-wallon
MR,,2805,Canton de Chimay,2009,parlement-wallon
ECOLO,,1419,Canton de Chimay,2009,parlement-wallon
R.W.F.,,104,Canton de Chimay,2009,parlement-wallon
PTB+,,49,Canton de Chimay,2009,parlement-wallon
PC - GE,,14,Canton de Chimay,2009,parlement-wallon
MS,,10,Canton de Chimay,2009,parlement-wallon
WALLONIE D'ABORD,,97,Canton de Chimay,2009,parlement-wallon
WALLONS,,63,Canton de Chimay,2009,parlement-wallon
FN PLUS,,206,Canton de Chimay,2009,parlement-wallon
PS,,4653,Canton de Ciney,2009,parlement-wallon
CDH,,2777,Canton de Ciney,2009,parlement-wallon
MR,,7386,Canton de Ciney,2009,parlement-wallon
ECOLO,,4019,Canton de Ciney,2009,parlement-wallon
R.W.F.,,278,Canton de Ciney,2009,parlement-wallon
FN,,366,Canton de Ciney,2009,parlement-wallon
PTB+,,108,Canton de Ciney,2009,parlement-wallon
PC - GE,,18,Canton de Ciney,2009,parlement-wallon
MS,,55,Canton de Ciney,2009,parlement-wallon
WALLONIE D'ABORD,,224,Canton de Ciney,2009,parlement-wallon
CDF,,96,Canton de Ciney,2009,parlement-wallon
FN PLUS,,49,Canton de Ciney,2009,parlement-wallon
LiDé,,112,Canton de Ciney,2009,parlement-wallon
PS,,1517,Canton de Comines-Warneton,2009,parlement-wallon
CDH,,2793,Canton de Comines-Warneton,2009,parlement-wallon
MR,,2223,Canton de Comines-Warneton,2009,parlement-wallon
ECOLO,,1142,Canton de Comines-Warneton,2009,parlement-wallon
R.W.F.,,42,Canton de Comines-Warneton,2009,parlement-wallon
FN,,165,Canton de Comines-Warneton,2009,parlement-wallon
PTB+,,45,Canton de Comines-Warneton,2009,parlement-wallon
PC - GE,,14,Canton de Comines-Warneton,2009,parlement-wallon
WALLONIE D'ABORD,,61,Canton de Comines-Warneton,2009,parlement-wallon
FN PLUS,,39,Canton de Comines-Warneton,2009,parlement-wallon
WALLONS,,101,Canton de Comines-Warneton,2009,parlement-wallon
PS,,4451,Canton de Couvin,2009,parlement-wallon
CDH,,2397,Canton de Couvin,2009,parlement-wallon
MR,,2225,Canton de Couvin,2009,parlement-wallon
ECOLO,,1570,Canton de Couvin,2009,parlement-wallon
R.W.F.,,323,Canton de Couvin,2009,parlement-wallon
FN,,385,Canton de Couvin,2009,parlement-wallon
PTB+,,58,Canton de Couvin,2009,parlement-wallon
PC - GE,,30,Canton de Couvin,2009,parlement-wallon
MS,,94,Canton de Couvin,2009,parlement-wallon
WALLONIE D'ABORD,,191,Canton de Couvin,2009,parlement-wallon
CDF,,22,Canton de Couvin,2009,parlement-wallon
FN PLUS,,42,Canton de Couvin,2009,parlement-wallon
LiDé,,32,Canton de Couvin,2009,parlement-wallon
PS,,5621,Canton de Dinant,2009,parlement-wallon
CDH,,4384,Canton de Dinant,2009,parlement-wallon
MR,,6221,Canton de Dinant,2009,parlement-wallon
ECOLO,,4496,Canton de Dinant,2009,parlement-wallon
R.W.F.,,604,Canton de Dinant,2009,parlement-wallon
FN,,712,Canton de Dinant,2009,parlement-wallon
PTB+,,151,Canton de Dinant,2009,parlement-wallon
PC - GE,,35,Canton de Dinant,2009,parlement-wallon
MS,,53,Canton de Dinant,2009,parlement-wallon
WALLONIE D'ABORD,,364,Canton de Dinant,2009,parlement-wallon
CDF,,93,Canton de Dinant,2009,parlement-wallon
FN PLUS,,122,Canton de Dinant,2009,parlement-wallon
LiDé,,117,Canton de Dinant,2009,parlement-wallon
PS,,3161,Canton de Dison,2009,parlement-wallon
CDH,,1199,Canton de Dison,2009,parlement-wallon
MR,,1121,Canton de Dison,2009,parlement-wallon
ECOLO,,1227,Canton de Dison,2009,parlement-wallon
R.W.F.,,72,Canton de Dison,2009,parlement-wallon
FN,,369,Canton de Dison,2009,parlement-wallon
PTB+,,72,Canton de Dison,2009,parlement-wallon
PC - GE,,24,Canton de Dison,2009,parlement-wallon
MS,,11,Canton de Dison,2009,parlement-wallon
WALLONIE D'ABORD,,65,Canton de Dison,2009,parlement-wallon
WALLONS,,86,Canton de Dison,2009,parlement-wallon
FN PLUS,,76,Canton de Dison,2009,parlement-wallon
LiDé,,20,Canton de Dison,2009,parlement-wallon
VELORUTION,,37,Canton de Dison,2009,parlement-wallon
PS,,12484,Canton de Dour,2009,parlement-wallon
CDH,,4420,Canton de Dour,2009,parlement-wallon
MR,,4020,Canton de Dour,2009,parlement-wallon
ECOLO,,3192,Canton de Dour,2009,parlement-wallon
R.W.F.,,258,Canton de Dour,2009,parlement-wallon
FN,,1189,Canton de Dour,2009,parlement-wallon
PTB+,,267,Canton de Dour,2009,parlement-wallon
PC - GE,,122,Canton de Dour,2009,parlement-wallon
MS,,32,Canton de Dour,2009,parlement-wallon
CAP DORAZIO,,100,Canton de Dour,2009,parlement-wallon
WALLONIE D'ABORD,,301,Canton de Dour,2009,parlement-wallon
F.D.W.,,46,Canton de Dour,2009,parlement-wallon
PSL,,63,Canton de Dour,2009,parlement-wallon
LiDé,,67,Canton de Dour,2009,parlement-wallon
FN PLUS,,233,Canton de Dour,2009,parlement-wallon
PS,,2268,Canton de Durbuy,2009,parlement-wallon
CDH,,1806,Canton de Durbuy,2009,parlement-wallon
MR,,1221,Canton de Durbuy,2009,parlement-wallon
ECOLO,,1109,Canton de Durbuy,2009,parlement-wallon
R.W.F.,,102,Canton de Durbuy,2009,parlement-wallon
PTB+,,43,Canton de Durbuy,2009,parlement-wallon
PC - GE,,23,Canton de Durbuy,2009,parlement-wallon
MS,,10,Canton de Durbuy,2009,parlement-wallon
FN PLUS,,142,Canton de Durbuy,2009,parlement-wallon
PS,,1029,Canton de Erezée,2009,parlement-wallon
CDH,,1105,Canton de Erezée,2009,parlement-wallon
MR,,917,Canton de Erezée,2009,parlement-wallon
ECOLO,,669,Canton de Erezée,2009,parlement-wallon
R.W.F.,,168,Canton de Erezée,2009,parlement-wallon
PTB+,,28,Canton de Erezée,2009,parlement-wallon
PC - GE,,22,Canton de Erezée,2009,parlement-wallon
MS,,6,Canton de Erezée,2009,parlement-wallon
FN PLUS,,104,Canton de Erezée,2009,parlement-wallon
PS,,180,Canton de Fauvillers,2009,parlement-wallon
CDH,,495,Canton de Fauvillers,2009,parlement-wallon
MR,,329,Canton de Fauvillers,2009,parlement-wallon
ECOLO,,261,Canton de Fauvillers,2009,parlement-wallon
R.W.F.,,10,Canton de Fauvillers,2009,parlement-wallon
PTB+,,7,Canton de Fauvillers,2009,parlement-wallon
PC - GE,,6,Canton de Fauvillers,2009,parlement-wallon
MS,,2,Canton de Fauvillers,2009,parlement-wallon
FN PLUS,,36,Canton de Fauvillers,2009,parlement-wallon
PS,,705,Canton de Ferrières,2009,parlement-wallon
CDH,,579,Canton de Ferrières,2009,parlement-wallon
MR,,744,Canton de Ferrières,2009,parlement-wallon
ECOLO,,782,Canton de Ferrières,2009,parlement-wallon
R.W.F.,,36,Canton de Ferrières,2009,parlement-wallon
FN,,76,Canton de Ferrières,2009,parlement-wallon
PTB+,,32,Canton de Ferrières,2009,parlement-wallon
PC - GE,,4,Canton de Ferrières,2009,parlement-wallon
MS,,7,Canton de Ferrières,2009,parlement-wallon
WALLONIE D'ABORD,,56,Canton de Ferrières,2009,parlement-wallon
GPS,,4,Canton de Ferrières,2009,parlement-wallon
PS,,17667,Canton de Fléron,2009,parlement-wallon
CDH,,7436,Canton de Fléron,2009,parlement-wallon
MR,,13129,Canton de Fléron,2009,parlement-wallon
ECOLO,,9944,Canton de Fléron,2009,parlement-wallon
R.W.F.,,618,Canton de Fléron,2009,parlement-wallon
FN,,1248,Canton de Fléron,2009,parlement-wallon
PTB+,,732,Canton de Fléron,2009,parlement-wallon
PC - GE,,100,Canton de Fléron,2009,parlement-wallon
MS,,47,Canton de Fléron,2009,parlement-wallon
CAP DORAZIO,,56,Canton de Fléron,2009,parlement-wallon
WALLONIE D'ABORD,,449,Canton de Fléron,2009,parlement-wallon
WALLONS,,243,Canton de Fléron,2009,parlement-wallon
PSL,,56,Canton de Fléron,2009,parlement-wallon
RIPOST,,28,Canton de Fléron,2009,parlement-wallon
FN PLUS,,105,Canton de Fléron,2009,parlement-wallon
LiDé,,125,Canton de Fléron,2009,parlement-wallon
PARTI PENSIONNES,,763,Canton de Fléron,2009,parlement-wallon
PS,,2427,Canton de Flobecq,2009,parlement-wallon
CDH,,1101,Canton de Flobecq,2009,parlement-wallon
MR,,1437,Canton de Flobecq,2009,parlement-wallon
ECOLO,,616,Canton de Flobecq,2009,parlement-wallon
R.W.F.,,44,Canton de Flobecq,2009,parlement-wallon
FN,,110,Canton de Flobecq,2009,parlement-wallon
PTB+,,23,Canton de Flobecq,2009,parlement-wallon
PC - GE,,26,Canton de Flobecq,2009,parlement-wallon
WALLONIE D'ABORD,,32,Canton de Flobecq,2009,parlement-wallon
FN PLUS,,13,Canton de Flobecq,2009,parlement-wallon
WALLONS,,38,Canton de Flobecq,2009,parlement-wallon
PS,,1708,Canton de Florennes,2009,parlement-wallon
CDH,,1901,Canton de Florennes,2009,parlement-wallon
MR,,1509,Canton de Florennes,2009,parlement-wallon
ECOLO,,1067,Canton de Florennes,2009,parlement-wallon
R.W.F.,,149,Canton de Florennes,2009,parlement-wallon
FN,,287,Canton de Florennes,2009,parlement-wallon
PTB+,,43,Canton de Florennes,2009,parlement-wallon
PC - GE,,11,Canton de Florennes,2009,parlement-wallon
MS,,16,Canton de Florennes,2009,parlement-wallon
WALLONIE D'ABORD,,112,Canton de Florennes,2009,parlement-wallon
CDF,,11,Canton de Florennes,2009,parlement-wallon
FN PLUS,,47,Canton de Florennes,2009,parlement-wallon
LiDé,,89,Canton de Florennes,2009,parlement-wallon
PS,,2874,Canton de Florenville,2009,parlement-wallon
CDH,,1174,Canton de Florenville,2009,parlement-wallon
MR,,1657,Canton de Florenville,2009,parlement-wallon
ECOLO,,897,Canton de Florenville,2009,parlement-wallon
R.W.F.,,86,Canton de Florenville,2009,parlement-wallon
PTB+,,14,Canton de Florenville,2009,parlement-wallon
PC - GE,,7,Canton de Florenville,2009,parlement-wallon
CDF,,31,Canton de Florenville,2009,parlement-wallon
ACNV,,21,Canton de Florenville,2009,parlement-wallon
PS,,15870,Canton de Fontaine-l'Evêque,2009,parlement-wallon
CDH,,4271,Canton de Fontaine-l'Evêque,2009,parlement-wallon
MR,,7877,Canton de Fontaine-l'Evêque,2009,parlement-wallon
ECOLO,,6236,Canton de Fontaine-l'Evêque,2009,parlement-wallon
R.W.F.,,680,Canton de Fontaine-l'Evêque,2009,parlement-wallon
FN,,2150,Canton de Fontaine-l'Evêque,2009,parlement-wallon
PTB+,,538,Canton de Fontaine-l'Evêque,2009,parlement-wallon
PC - GE,,233,Canton de Fontaine-l'Evêque,2009,parlement-wallon
MS,,62,Canton de Fontaine-l'Evêque,2009,parlement-wallon
WALLONIE D'ABORD,,388,Canton de Fontaine-l'Evêque,2009,parlement-wallon
FN PLUS,,223,Canton de Fontaine-l'Evêque,2009,parlement-wallon
WALLONS,,491,Canton de Fontaine-l'Evêque,2009,parlement-wallon
LiDé,,205,Canton de Fontaine-l'Evêque,2009,parlement-wallon
PS,,6164,Canton de Fosses-la-Ville,2009,parlement-wallon
CDH,,4740,Canton de Fosses-la-Ville,2009,parlement-wallon
MR,,6048,Canton de Fosses-la-Ville,2009,parlement-wallon
ECOLO,,5522,Canton de Fosses-la-Ville,2009,parlement-wallon
R.W.F.,,562,Canton de Fosses-la-Ville,2009,parlement-wallon
FN,,889,Canton de Fosses-la-Ville,2009,parlement-wallon
PTB+,,283,Canton de Fosses-la-Ville,2009,parlement-wallon
PC - GE,,42,Canton de Fosses-la-Ville,2009,parlement-wallon
MS,,26,Canton de Fosses-la-Ville,2009,parlement-wallon
WALLONIE D'ABORD,,550,Canton de Fosses-la-Ville,2009,parlement-wallon
CDF,,92,Canton de Fosses-la-Ville,2009,parlement-wallon
FN PLUS,,112,Canton de Fosses-la-Ville,2009,parlement-wallon
OSER,,67,Canton de Fosses-la-Ville,2009,parlement-wallon
LiDé,,95,Canton de Fosses-la-Ville,2009,parlement-wallon
PS,,7600,Canton de Frameries,2009,parlement-wallon
CDH,,2887,Canton de Frameries,2009,parlement-wallon
MR,,2544,Canton de Frameries,2009,parlement-wallon
ECOLO,,2042,Canton de Frameries,2009,parlement-wallon
R.W.F.,,160,Canton de Frameries,2009,parlement-wallon
FN,,669,Canton de Frameries,2009,parlement-wallon
PTB+,,212,Canton de Frameries,2009,parlement-wallon
PC - GE,,54,Canton de Frameries,2009,parlement-wallon
MS,,23,Canton de Frameries,2009,parlement-wallon
CAP DORAZIO,,102,Canton de Frameries,2009,parlement-wallon
WALLONIE D'ABORD,,145,Canton de Frameries,2009,parlement-wallon
F.D.W.,,40,Canton de Frameries,2009,parlement-wallon
PSL,,44,Canton de Frameries,2009,parlement-wallon
LiDé,,48,Canton de Frameries,2009,parlement-wallon
FN PLUS,,178,Canton de Frameries,2009,parlement-wallon
PS,,1769,Canton de Frasnes-Lez-Anvaing,2009,parlement-wallon
CDH,,844,Canton de Frasnes-Lez-Anvaing,2009,parlement-wallon
MR,,3165,Canton de Frasnes-Lez-Anvaing,2009,parlement-wallon
ECOLO,,955,Canton de Frasnes-Lez-Anvaing,2009,parlement-wallon
R.W.F.,,41,Canton de Frasnes-Lez-Anvaing,2009,parlement-wallon
FN,,135,Canton de Frasnes-Lez-Anvaing,2009,parlement-wallon
PTB+,,28,Canton de Frasnes-Lez-Anvaing,2009,parlement-wallon
PC - GE,,21,Canton de Frasnes-Lez-Anvaing,2009,parlement-wallon
WALLONIE D'ABORD,,46,Canton de Frasnes-Lez-Anvaing,2009,parlement-wallon
FN PLUS,,8,Canton de Frasnes-Lez-Anvaing,2009,parlement-wallon
WALLONS,,38,Canton de Frasnes-Lez-Anvaing,2009,parlement-wallon
PS,,1347,Canton de Gedinne,2009,parlement-wallon
CDH,,1094,Canton de Gedinne,2009,parlement-wallon
MR,,2962,Canton de Gedinne,2009,parlement-wallon
ECOLO,,807,Canton de Gedinne,2009,parlement-wallon
R.W.F.,,118,Canton de Gedinne,2009,parlement-wallon
FN,,158,Canton de Gedinne,2009,parlement-wallon
PTB+,,26,Canton de Gedinne,2009,parlement-wallon
PC - GE,,4,Canton de Gedinne,2009,parlement-wallon
MS,,9,Canton de Gedinne,2009,parlement-wallon
WALLONIE D'ABORD,,62,Canton de Gedinne,2009,parlement-wallon
CDF,,14,Canton de Gedinne,2009,parlement-wallon
FN PLUS,,29,Canton de Gedinne,2009,parlement-wallon
LiDé,,76,Canton de Gedinne,2009,parlement-wallon
PS,,14382,Canton de Gembloux,2009,parlement-wallon
CDH,,7300,Canton de Gembloux,2009,parlement-wallon
MR,,9849,Canton de Gembloux,2009,parlement-wallon
ECOLO,,9062,Canton de Gembloux,2009,parlement-wallon
R.W.F.,,1010,Canton de Gembloux,2009,parlement-wallon
FN,,1541,Canton de Gembloux,2009,parlement-wallon
PTB+,,380,Canton de Gembloux,2009,parlement-wallon
PC - GE,,51,Canton de Gembloux,2009,parlement-wallon
MS,,41,Canton de Gembloux,2009,parlement-wallon
WALLONIE D'ABORD,,1009,Canton de Gembloux,2009,parlement-wallon
CDF,,112,Canton de Gembloux,2009,parlement-wallon
FN PLUS,,249,Canton de Gembloux,2009,parlement-wallon
OSER,,103,Canton de Gembloux,2009,parlement-wallon
LiDé,,172,Canton de Gembloux,2009,parlement-wallon
PS,,2613,Canton de Genappe,2009,parlement-wallon
CDH,,2673,Canton de Genappe,2009,parlement-wallon
MR,,5392,Canton de Genappe,2009,parlement-wallon
ECOLO,,3507,Canton de Genappe,2009,parlement-wallon
R.W.F.,,250,Canton de Genappe,2009,parlement-wallon
FN,,405,Canton de Genappe,2009,parlement-wallon
PTB+,,69,Canton de Genappe,2009,parlement-wallon
PC - GE,,20,Canton de Genappe,2009,parlement-wallon
MS,,8,Canton de Genappe,2009,parlement-wallon
CAP DORAZIO,,35,Canton de Genappe,2009,parlement-wallon
WALLONIE D'ABORD,,169,Canton de Genappe,2009,parlement-wallon
WALLONS,,110,Canton de Genappe,2009,parlement-wallon
Belgique Positif,,90,Canton de Genappe,2009,parlement-wallon
PSL,,17,Canton de Genappe,2009,parlement-wallon
PS,,15562,Canton de Grâce-Hollogne,2009,parlement-wallon
CDH,,3035,Canton de Grâce-Hollogne,2009,parlement-wallon
MR,,4528,Canton de Grâce-Hollogne,2009,parlement-wallon
ECOLO,,5496,Canton de Grâce-Hollogne,2009,parlement-wallon
R.W.F.,,280,Canton de Grâce-Hollogne,2009,parlement-wallon
FN,,887,Canton de Grâce-Hollogne,2009,parlement-wallon
PTB+,,767,Canton de Grâce-Hollogne,2009,parlement-wallon
PC - GE,,123,Canton de Grâce-Hollogne,2009,parlement-wallon
MS,,66,Canton de Grâce-Hollogne,2009,parlement-wallon
CAP DORAZIO,,70,Canton de Grâce-Hollogne,2009,parlement-wallon
WALLONIE D'ABORD,,313,Canton de Grâce-Hollogne,2009,parlement-wallon
WALLONS,,170,Canton de Grâce-Hollogne,2009,parlement-wallon
PSL,,59,Canton de Grâce-Hollogne,2009,parlement-wallon
RIPOST,,29,Canton de Grâce-Hollogne,2009,parlement-wallon
FN PLUS,,85,Canton de Grâce-Hollogne,2009,parlement-wallon
LiDé,,63,Canton de Grâce-Hollogne,2009,parlement-wallon
PARTI PENSIONNES,,305,Canton de Grâce-Hollogne,2009,parlement-wallon
PS,,1282,Canton de Héron,2009,parlement-wallon
CDH,,648,Canton de Héron,2009,parlement-wallon
MR,,1351,Canton de Héron,2009,parlement-wallon
ECOLO,,1324,Canton de Héron,2009,parlement-wallon
R.W.F.,,63,Canton de Héron,2009,parlement-wallon
FN,,110,Canton de Héron,2009,parlement-wallon
PTB+,,47,Canton de Héron,2009,parlement-wallon
PC - GE,,12,Canton de Héron,2009,parlement-wallon
MS,,44,Canton de Héron,2009,parlement-wallon
WALLONIE D'ABORD,,65,Canton de Héron,2009,parlement-wallon
GPS,,14,Canton de Héron,2009,parlement-wallon
PS,,3937,Canton de Hannut,2009,parlement-wallon
CDH,,1733,Canton de Hannut,2009,parlement-wallon
MR,,6963,Canton de Hannut,2009,parlement-wallon
ECOLO,,3526,Canton de Hannut,2009,parlement-wallon
R.W.F.,,242,Canton de Hannut,2009,parlement-wallon
FN,,338,Canton de Hannut,2009,parlement-wallon
PTB+,,110,Canton de Hannut,2009,parlement-wallon
PC - GE,,37,Canton de Hannut,2009,parlement-wallon
MS,,54,Canton de Hannut,2009,parlement-wallon
WALLONIE D'ABORD,,187,Canton de Hannut,2009,parlement-wallon
GPS,,29,Canton de Hannut,2009,parlement-wallon
PS,,8903,Canton de Herstal,2009,parlement-wallon
CDH,,1812,Canton de Herstal,2009,parlement-wallon
MR,,2694,Canton de Herstal,2009,parlement-wallon
ECOLO,,2887,Canton de Herstal,2009,parlement-wallon
R.W.F.,,140,Canton de Herstal,2009,parlement-wallon
FN,,577,Canton de Herstal,2009,parlement-wallon
PTB+,,1497,Canton de Herstal,2009,parlement-wallon
PC - GE,,49,Canton de Herstal,2009,parlement-wallon
MS,,29,Canton de Herstal,2009,parlement-wallon
CAP DORAZIO,,44,Canton de Herstal,2009,parlement-wallon
WALLONIE D'ABORD,,141,Canton de Herstal,2009,parlement-wallon
WALLONS,,97,Canton de Herstal,2009,parlement-wallon
PSL,,32,Canton de Herstal,2009,parlement-wallon
RIPOST,,14,Canton de Herstal,2009,parlement-wallon
FN PLUS,,44,Canton de Herstal,2009,parlement-wallon
LiDé,,41,Canton de Herstal,2009,parlement-wallon
PARTI PENSIONNES,,189,Canton de Herstal,2009,parlement-wallon
PS,,2402,Canton de Herve,2009,parlement-wallon
CDH,,3516,Canton de Herve,2009,parlement-wallon
MR,,4836,Canton de Herve,2009,parlement-wallon
ECOLO,,2524,Canton de Herve,2009,parlement-wallon
R.W.F.,,113,Canton de Herve,2009,parlement-wallon
FN,,312,Canton de Herve,2009,parlement-wallon
PTB+,,111,Canton de Herve,2009,parlement-wallon
PC - GE,,19,Canton de Herve,2009,parlement-wallon
MS,,7,Canton de Herve,2009,parlement-wallon
WALLONIE D'ABORD,,102,Canton de Herve,2009,parlement-wallon
WALLONS,,78,Canton de Herve,2009,parlement-wallon
FN PLUS,,32,Canton de Herve,2009,parlement-wallon
LiDé,,26,Canton de Herve,2009,parlement-wallon
VELORUTION,,26,Canton de Herve,2009,parlement-wallon
PS,,652,Canton de Houffalize,2009,parlement-wallon
CDH,,1097,Canton de Houffalize,2009,parlement-wallon
MR,,777,Canton de Houffalize,2009,parlement-wallon
ECOLO,,420,Canton de Houffalize,2009,parlement-wallon
R.W.F.,,29,Canton de Houffalize,2009,parlement-wallon
PTB+,,6,Canton de Houffalize,2009,parlement-wallon
PC - GE,,4,Canton de Houffalize,2009,parlement-wallon
MS,,1,Canton de Houffalize,2009,parlement-wallon
FN PLUS,,95,Canton de Houffalize,2009,parlement-wallon
PS,,10680,Canton de Huy,2009,parlement-wallon
CDH,,3490,Canton de Huy,2009,parlement-wallon
MR,,4484,Canton de Huy,2009,parlement-wallon
ECOLO,,10281,Canton de Huy,2009,parlement-wallon
R.W.F.,,400,Canton de Huy,2009,parlement-wallon
FN,,952,Canton de Huy,2009,parlement-wallon
PTB+,,328,Canton de Huy,2009,parlement-wallon
PC - GE,,160,Canton de Huy,2009,parlement-wallon
MS,,945,Canton de Huy,2009,parlement-wallon
WALLONIE D'ABORD,,355,Canton de Huy,2009,parlement-wallon
GPS,,221,Canton de Huy,2009,parlement-wallon
PS,,5960,Canton de Jodoigne,2009,parlement-wallon
CDH,,3750,Canton de Jodoigne,2009,parlement-wallon
MR,,9816,Canton de Jodoigne,2009,parlement-wallon
ECOLO,,5350,Canton de Jodoigne,2009,parlement-wallon
R.W.F.,,353,Canton de Jodoigne,2009,parlement-wallon
FN,,526,Canton de Jodoigne,2009,parlement-wallon
PTB+,,101,Canton de Jodoigne,2009,parlement-wallon
PC - GE,,24,Canton de Jodoigne,2009,parlement-wallon
MS,,19,Canton de Jodoigne,2009,parlement-wallon
CAP DORAZIO,,36,Canton de Jodoigne,2009,parlement-wallon
WALLONIE D'ABORD,,189,Canton de Jodoigne,2009,parlement-wallon
WALLONS,,193,Canton de Jodoigne,2009,parlement-wallon
Belgique Positif,,183,Canton de Jodoigne,2009,parlement-wallon
PSL,,37,Canton de Jodoigne,2009,parlement-wallon
PS,,17635,Canton de La Louvière,2009,parlement-wallon
CDH,,4473,Canton de La Louvière,2009,parlement-wallon
MR,,5869,Canton de La Louvière,2009,parlement-wallon
ECOLO,,5376,Canton de La Louvière,2009,parlement-wallon
R.W.F.,,400,Canton de La Louvière,2009,parlement-wallon
FN,,1795,Canton de La Louvière,2009,parlement-wallon
PTB+,,1508,Canton de La Louvière,2009,parlement-wallon
PC - GE,,416,Canton de La Louvière,2009,parlement-wallon
MS,,104,Canton de La Louvière,2009,parlement-wallon
WALLONIE D'ABORD,,531,Canton de La Louvière,2009,parlement-wallon
WALLONS,,408,Canton de La Louvière,2009,parlement-wallon
REPUBLICAIN-WALLON,,118,Canton de La Louvière,2009,parlement-wallon
FN PLUS,,367,Canton de La Louvière,2009,parlement-wallon
PS,,1536,Canton de La Roche-en-Ardenne,2009,parlement-wallon
CDH,,1725,Canton de La Roche-en-Ardenne,2009,parlement-wallon
MR,,1927,Canton de La Roche-en-Ardenne,2009,parlement-wallon
ECOLO,,773,Canton de La Roche-en-Ardenne,2009,parlement-wallon
R.W.F.,,54,Canton de La Roche-en-Ardenne,2009,parlement-wallon
PTB+,,32,Canton de La Roche-en-Ardenne,2009,parlement-wallon
PC - GE,,13,Canton de La Roche-en-Ardenne,2009,parlement-wallon
MS,,7,Canton de La Roche-en-Ardenne,2009,parlement-wallon
FN PLUS,,148,Canton de La Roche-en-Ardenne,2009,parlement-wallon
PS,,1456,Canton de Le Roeulx,2009,parlement-wallon
CDH,,655,Canton de Le Roeulx,2009,parlement-wallon
MR,,1665,Canton de Le Roeulx,2009,parlement-wallon
ECOLO,,766,Canton de Le Roeulx,2009,parlement-wallon
R.W.F.,,57,Canton de Le Roeulx,2009,parlement-wallon
FN,,158,Canton de Le Roeulx,2009,parlement-wallon
PTB+,,77,Canton de Le Roeulx,2009,parlement-wallon
PC - GE,,141,Canton de Le Roeulx,2009,parlement-wallon
MS,,10,Canton de Le Roeulx,2009,parlement-wallon
WALLONIE D'ABORD,,55,Canton de Le Roeulx,2009,parlement-wallon
WALLONS,,32,Canton de Le Roeulx,2009,parlement-wallon
REPUBLICAIN-WALLON,,8,Canton de Le Roeulx,2009,parlement-wallon
FN PLUS,,23,Canton de Le Roeulx,2009,parlement-wallon
PS,,2300,Canton de Lens,2009,parlement-wallon
CDH,,827,Canton de Lens,2009,parlement-wallon
MR,,3927,Canton de Lens,2009,parlement-wallon
ECOLO,,1150,Canton de Lens,2009,parlement-wallon
R.W.F.,,85,Canton de Lens,2009,parlement-wallon
FN,,162,Canton de Lens,2009,parlement-wallon
PTB+,,74,Canton de Lens,2009,parlement-wallon
PC - GE,,10,Canton de Lens,2009,parlement-wallon
MS,,1,Canton de Lens,2009,parlement-wallon
CAP DORAZIO,,10,Canton de Lens,2009,parlement-wallon
WALLONIE D'ABORD,,59,Canton de Lens,2009,parlement-wallon
F.D.W.,,9,Canton de Lens,2009,parlement-wallon
PSL,,16,Canton de Lens,2009,parlement-wallon
LiDé,,8,Canton de Lens,2009,parlement-wallon
FN PLUS,,21,Canton de Lens,2009,parlement-wallon
PS,,4185,Canton de Lessines,2009,parlement-wallon
CDH,,1727,Canton de Lessines,2009,parlement-wallon
MR,,2184,Canton de Lessines,2009,parlement-wallon
ECOLO,,1532,Canton de Lessines,2009,parlement-wallon
R.W.F.,,295,Canton de Lessines,2009,parlement-wallon
FN,,387,Canton de Lessines,2009,parlement-wallon
PTB+,,83,Canton de Lessines,2009,parlement-wallon
PC - GE,,45,Canton de Lessines,2009,parlement-wallon
MS,,17,Canton de Lessines,2009,parlement-wallon
WALLONIE D'ABORD,,179,Canton de Lessines,2009,parlement-wallon
WALLONS,,89,Canton de Lessines,2009,parlement-wallon
REPUBLICAIN-WALLON,,29,Canton de Lessines,2009,parlement-wallon
FN PLUS,,72,Canton de Lessines,2009,parlement-wallon
PS,,2755,Canton de Leuze-en-Hainaut,2009,parlement-wallon
CDH,,1391,Canton de Leuze-en-Hainaut,2009,parlement-wallon
MR,,2621,Canton de Leuze-en-Hainaut,2009,parlement-wallon
ECOLO,,1090,Canton de Leuze-en-Hainaut,2009,parlement-wallon
R.W.F.,,82,Canton de Leuze-en-Hainaut,2009,parlement-wallon
FN,,226,Canton de Leuze-en-Hainaut,2009,parlement-wallon
PTB+,,39,Canton de Leuze-en-Hainaut,2009,parlement-wallon
PC - GE,,37,Canton de Leuze-en-Hainaut,2009,parlement-wallon
WALLONIE D'ABORD,,55,Canton de Leuze-en-Hainaut,2009,parlement-wallon
FN PLUS,,44,Canton de Leuze-en-Hainaut,2009,parlement-wallon
WALLONS,,67,Canton de Leuze-en-Hainaut,2009,parlement-wallon
PS,,35623,Canton de Liège,2009,parlement-wallon
CDH,,11154,Canton de Liège,2009,parlement-wallon
MR,,19631,Canton de Liège,2009,parlement-wallon
ECOLO,,22675,Canton de Liège,2009,parlement-wallon
R.W.F.,,1110,Canton de Liège,2009,parlement-wallon
FN,,2709,Canton de Liège,2009,parlement-wallon
PTB+,,2550,Canton de Liège,2009,parlement-wallon
PC - GE,,460,Canton de Liège,2009,parlement-wallon
MS,,138,Canton de Liège,2009,parlement-wallon
CAP DORAZIO,,147,Canton de Liège,2009,parlement-wallon
WALLONIE D'ABORD,,819,Canton de Liège,2009,parlement-wallon
WALLONS,,553,Canton de Liège,2009,parlement-wallon
PSL,,446,Canton de Liège,2009,parlement-wallon
RIPOST,,94,Canton de Liège,2009,parlement-wallon
FN PLUS,,219,Canton de Liège,2009,parlement-wallon
LiDé,,312,Canton de Liège,2009,parlement-wallon
PARTI PENSIONNES,,1410,Canton de Liège,2009,parlement-wallon
PS,,4078,Canton de Limbourg,2009,parlement-wallon
CDH,,3018,Canton de Limbourg,2009,parlement-wallon
MR,,4753,Canton de Limbourg,2009,parlement-wallon
ECOLO,,3464,Canton de Limbourg,2009,parlement-wallon
R.W.F.,,236,Canton de Limbourg,2009,parlement-wallon
FN,,470,Canton de Limbourg,2009,parlement-wallon
PTB+,,109,Canton de Limbourg,2009,parlement-wallon
PC - GE,,22,Canton de Limbourg,2009,parlement-wallon
MS,,17,Canton de Limbourg,2009,parlement-wallon
WALLONIE D'ABORD,,104,Canton de Limbourg,2009,parlement-wallon
WALLONS,,111,Canton de Limbourg,2009,parlement-wallon
FN PLUS,,77,Canton de Limbourg,2009,parlement-wallon
LiDé,,37,Canton de Limbourg,2009,parlement-wallon
VELORUTION,,39,Canton de Limbourg,2009,parlement-wallon
PS,,1491,Canton de Malmedy,2009,parlement-wallon
CDH,,3658,Canton de Malmedy,2009,parlement-wallon
MR,,3865,Canton de Malmedy,2009,parlement-wallon
ECOLO,,1949,Canton de Malmedy,2009,parlement-wallon
R.W.F.,,158,Canton de Malmedy,2009,parlement-wallon
FN,,242,Canton de Malmedy,2009,parlement-wallon
PTB+,,39,Canton de Malmedy,2009,parlement-wallon
PC - GE,,24,Canton de Malmedy,2009,parlement-wallon
MS,,10,Canton de Malmedy,2009,parlement-wallon
WALLONIE D'ABORD,,84,Canton de Malmedy,2009,parlement-wallon
WALLONS,,46,Canton de Malmedy,2009,parlement-wallon
FN PLUS,,30,Canton de Malmedy,2009,parlement-wallon
LiDé,,24,Canton de Malmedy,2009,parlement-wallon
VELORUTION,,15,Canton de Malmedy,2009,parlement-wallon
PS,,5071,Canton de Marche-en-Famenne,2009,parlement-wallon
CDH,,4570,Canton de Marche-en-Famenne,2009,parlement-wallon
MR,,2087,Canton de Marche-en-Famenne,2009,parlement-wallon
ECOLO,,1628,Canton de Marche-en-Famenne,2009,parlement-wallon
R.W.F.,,131,Canton de Marche-en-Famenne,2009,parlement-wallon
PTB+,,57,Canton de Marche-en-Famenne,2009,parlement-wallon
PC - GE,,28,Canton de Marche-en-Famenne,2009,parlement-wallon
MS,,14,Canton de Marche-en-Famenne,2009,parlement-wallon
FN PLUS,,342,Canton de Marche-en-Famenne,2009,parlement-wallon
PS,,4304,Canton de Merbes-le-Château,2009,parlement-wallon
CDH,,3781,Canton de Merbes-le-Château,2009,parlement-wallon
MR,,2015,Canton de Merbes-le-Château,2009,parlement-wallon
ECOLO,,1474,Canton de Merbes-le-Château,2009,parlement-wallon
R.W.F.,,182,Canton de Merbes-le-Château,2009,parlement-wallon
PTB+,,70,Canton de Merbes-le-Château,2009,parlement-wallon
PC - GE,,35,Canton de Merbes-le-Château,2009,parlement-wallon
MS,,155,Canton de Merbes-le-Château,2009,parlement-wallon
WALLONIE D'ABORD,,183,Canton de Merbes-le-Château,2009,parlement-wallon
WALLONS,,116,Canton de Merbes-le-Château,2009,parlement-wallon
FN PLUS,,527,Canton de Merbes-le-Château,2009,parlement-wallon
PS,,3588,Canton de Messancy,2009,parlement-wallon
CDH,,3272,Canton de Messancy,2009,parlement-wallon
MR,,1973,Canton de Messancy,2009,parlement-wallon
ECOLO,,2318,Canton de Messancy,2009,parlement-wallon
R.W.F.,,129,Canton de Messancy,2009,parlement-wallon
PTB+,,57,Canton de Messancy,2009,parlement-wallon
PC - GE,,37,Canton de Messancy,2009,parlement-wallon
MS,,21,Canton de Messancy,2009,parlement-wallon
FN PLUS,,483,Canton de Messancy,2009,parlement-wallon
PS,,23906,Canton de Mons,2009,parlement-wallon
CDH,,5232,Canton de Mons,2009,parlement-wallon
MR,,8404,Canton de Mons,2009,parlement-wallon
ECOLO,,7340,Canton de Mons,2009,parlement-wallon
R.W.F.,,522,Canton de Mons,2009,parlement-wallon
FN,,1858,Canton de Mons,2009,parlement-wallon
PTB+,,792,Canton de Mons,2009,parlement-wallon
PC - GE,,192,Canton de Mons,2009,parlement-wallon
MS,,64,Canton de Mons,2009,parlement-wallon
CAP DORAZIO,,245,Canton de Mons,2009,parlement-wallon
WALLONIE D'ABORD,,391,Canton de Mons,2009,parlement-wallon
F.D.W.,,73,Canton de Mons,2009,parlement-wallon
PSL,,216,Canton de Mons,2009,parlement-wallon
LiDé,,153,Canton de Mons,2009,parlement-wallon
FN PLUS,,284,Canton de Mons,2009,parlement-wallon
PS,,7802,Canton de Mouscron,2009,parlement-wallon
CDH,,8617,Canton de Mouscron,2009,parlement-wallon
MR,,4098,Canton de Mouscron,2009,parlement-wallon
ECOLO,,5019,Canton de Mouscron,2009,parlement-wallon
R.W.F.,,203,Canton de Mouscron,2009,parlement-wallon
FN,,937,Canton de Mouscron,2009,parlement-wallon
PTB+,,263,Canton de Mouscron,2009,parlement-wallon
PC - GE,,89,Canton de Mouscron,2009,parlement-wallon
WALLONIE D'ABORD,,353,Canton de Mouscron,2009,parlement-wallon
FN PLUS,,191,Canton de Mouscron,2009,parlement-wallon
WALLONS,,254,Canton de Mouscron,2009,parlement-wallon
PS,,17519,Canton de Namur,2009,parlement-wallon
CDH,,14329,Canton de Namur,2009,parlement-wallon
MR,,15466,Canton de Namur,2009,parlement-wallon
ECOLO,,16281,Canton de Namur,2009,parlement-wallon
R.W.F.,,1538,Canton de Namur,2009,parlement-wallon
FN,,1698,Canton de Namur,2009,parlement-wallon
PTB+,,732,Canton de Namur,2009,parlement-wallon
PC - GE,,121,Canton de Namur,2009,parlement-wallon
MS,,82,Canton de Namur,2009,parlement-wallon
WALLONIE D'ABORD,,944,Canton de Namur,2009,parlement-wallon
CDF,,290,Canton de Namur,2009,parlement-wallon
FN PLUS,,204,Canton de Namur,2009,parlement-wallon
OSER,,364,Canton de Namur,2009,parlement-wallon
LiDé,,329,Canton de Namur,2009,parlement-wallon
PS,,5979,Canton de Nandrin,2009,parlement-wallon
CDH,,2762,Canton de Nandrin,2009,parlement-wallon
MR,,4839,Canton de Nandrin,2009,parlement-wallon
ECOLO,,5471,Canton de Nandrin,2009,parlement-wallon
R.W.F.,,336,Canton de Nandrin,2009,parlement-wallon
FN,,539,Canton de Nandrin,2009,parlement-wallon
PTB+,,279,Canton de Nandrin,2009,parlement-wallon
PC - GE,,44,Canton de Nandrin,2009,parlement-wallon
MS,,61,Canton de Nandrin,2009,parlement-wallon
WALLONIE D'ABORD,,290,Canton de Nandrin,2009,parlement-wallon
GPS,,45,Canton de Nandrin,2009,parlement-wallon
PS,,978,Canton de Nassogne,2009,parlement-wallon
CDH,,884,Canton de Nassogne,2009,parlement-wallon
MR,,542,Canton de Nassogne,2009,parlement-wallon
ECOLO,,714,Canton de Nassogne,2009,parlement-wallon
R.W.F.,,32,Canton de Nassogne,2009,parlement-wallon
PTB+,,17,Canton de Nassogne,2009,parlement-wallon
PC - GE,,7,Canton de Nassogne,2009,parlement-wallon
MS,,2,Canton de Nassogne,2009,parlement-wallon
FN PLUS,,68,Canton de Nassogne,2009,parlement-wallon
PS,,3099,Canton de Neufchâteau,2009,parlement-wallon
CDH,,4243,Canton de Neufchâteau,2009,parlement-wallon
MR,,3640,Canton de Neufchâteau,2009,parlement-wallon
ECOLO,,2249,Canton de Neufchâteau,2009,parlement-wallon
R.W.F.,,135,Canton de Neufchâteau,2009,parlement-wallon
PTB+,,46,Canton de Neufchâteau,2009,parlement-wallon
PC - GE,,17,Canton de Neufchâteau,2009,parlement-wallon
CDF,,84,Canton de Neufchâteau,2009,parlement-wallon
ACNV,,57,Canton de Neufchâteau,2009,parlement-wallon
PS,,16867,Canton de Nivelles,2009,parlement-wallon
CDH,,11590,Canton de Nivelles,2009,parlement-wallon
MR,,29164,Canton de Nivelles,2009,parlement-wallon
ECOLO,,18500,Canton de Nivelles,2009,parlement-wallon
R.W.F.,,1348,Canton de Nivelles,2009,parlement-wallon
FN,,2232,Canton de Nivelles,2009,parlement-wallon
PTB+,,501,Canton de Nivelles,2009,parlement-wallon
PC - GE,,128,Canton de Nivelles,2009,parlement-wallon
MS,,53,Canton de Nivelles,2009,parlement-wallon
CAP DORAZIO,,679,Canton de Nivelles,2009,parlement-wallon
WALLONIE D'ABORD,,645,Canton de Nivelles,2009,parlement-wallon
WALLONS,,569,Canton de Nivelles,2009,parlement-wallon
Belgique Positif,,618,Canton de Nivelles,2009,parlement-wallon
PSL,,93,Canton de Nivelles,2009,parlement-wallon
PS,,3682,Canton de Péruwelz,2009,parlement-wallon
CDH,,1227,Canton de Péruwelz,2009,parlement-wallon
MR,,2405,Canton de Péruwelz,2009,parlement-wallon
ECOLO,,1282,Canton de Péruwelz,2009,parlement-wallon
R.W.F.,,84,Canton de Péruwelz,2009,parlement-wallon
FN,,367,Canton de Péruwelz,2009,parlement-wallon
PTB+,,50,Canton de Péruwelz,2009,parlement-wallon
PC - GE,,49,Canton de Péruwelz,2009,parlement-wallon
WALLONIE D'ABORD,,76,Canton de Péruwelz,2009,parlement-wallon
FN PLUS,,56,Canton de Péruwelz,2009,parlement-wallon
WALLONS,,83,Canton de Péruwelz,2009,parlement-wallon
PS,,2189,Canton de Paliseul,2009,parlement-wallon
CDH,,2767,Canton de Paliseul,2009,parlement-wallon
MR,,2881,Canton de Paliseul,2009,parlement-wallon
ECOLO,,1411,Canton de Paliseul,2009,parlement-wallon
R.W.F.,,89,Canton de Paliseul,2009,parlement-wallon
PTB+,,39,Canton de Paliseul,2009,parlement-wallon
PC - GE,,19,Canton de Paliseul,2009,parlement-wallon
CDF,,38,Canton de Paliseul,2009,parlement-wallon
ACNV,,47,Canton de Paliseul,2009,parlement-wallon
PS,,3372,Canton de Perwez,2009,parlement-wallon
CDH,,3618,Canton de Perwez,2009,parlement-wallon
MR,,5399,Canton de Perwez,2009,parlement-wallon
ECOLO,,4137,Canton de Perwez,2009,parlement-wallon
R.W.F.,,201,Canton de Perwez,2009,parlement-wallon
FN,,283,Canton de Perwez,2009,parlement-wallon
PTB+,,64,Canton de Perwez,2009,parlement-wallon
PC - GE,,14,Canton de Perwez,2009,parlement-wallon
MS,,9,Canton de Perwez,2009,parlement-wallon
CAP DORAZIO,,23,Canton de Perwez,2009,parlement-wallon
WALLONIE D'ABORD,,176,Canton de Perwez,2009,parlement-wallon
WALLONS,,79,Canton de Perwez,2009,parlement-wallon
Belgique Positif,,89,Canton de Perwez,2009,parlement-wallon
PSL,,18,Canton de Perwez,2009,parlement-wallon
PS,,2913,Canton de Philippeville,2009,parlement-wallon
CDH,,1612,Canton de Philippeville,2009,parlement-wallon
MR,,3222,Canton de Philippeville,2009,parlement-wallon
ECOLO,,1634,Canton de Philippeville,2009,parlement-wallon
R.W.F.,,263,Canton de Philippeville,2009,parlement-wallon
FN,,343,Canton de Philippeville,2009,parlement-wallon
PTB+,,76,Canton de Philippeville,2009,parlement-wallon
PC - GE,,19,Canton de Philippeville,2009,parlement-wallon
MS,,16,Canton de Philippeville,2009,parlement-wallon
WALLONIE D'ABORD,,150,Canton de Philippeville,2009,parlement-wallon
CDF,,29,Canton de Philippeville,2009,parlement-wallon
FN PLUS,,38,Canton de Philippeville,2009,parlement-wallon
LiDé,,88,Canton de Philippeville,2009,parlement-wallon
PS,,1579,Canton de Rochefort,2009,parlement-wallon
CDH,,1161,Canton de Rochefort,2009,parlement-wallon
MR,,3047,Canton de Rochefort,2009,parlement-wallon
ECOLO,,1372,Canton de Rochefort,2009,parlement-wallon
R.W.F.,,97,Canton de Rochefort,2009,parlement-wallon
FN,,134,Canton de Rochefort,2009,parlement-wallon
PTB+,,27,Canton de Rochefort,2009,parlement-wallon
PC - GE,,15,Canton de Rochefort,2009,parlement-wallon
MS,,27,Canton de Rochefort,2009,parlement-wallon
WALLONIE D'ABORD,,75,Canton de Rochefort,2009,parlement-wallon
CDF,,15,Canton de Rochefort,2009,parlement-wallon
FN PLUS,,19,Canton de Rochefort,2009,parlement-wallon
LiDé,,17,Canton de Rochefort,2009,parlement-wallon
PS,,2110,Canton de Saint-Hubert,2009,parlement-wallon
CDH,,1303,Canton de Saint-Hubert,2009,parlement-wallon
MR,,2080,Canton de Saint-Hubert,2009,parlement-wallon
ECOLO,,1107,Canton de Saint-Hubert,2009,parlement-wallon
R.W.F.,,82,Canton de Saint-Hubert,2009,parlement-wallon
PTB+,,24,Canton de Saint-Hubert,2009,parlement-wallon
PC - GE,,13,Canton de Saint-Hubert,2009,parlement-wallon
CDF,,48,Canton de Saint-Hubert,2009,parlement-wallon
ACNV,,21,Canton de Saint-Hubert,2009,parlement-wallon
PS,,14119,Canton de Saint-Nicolas,2009,parlement-wallon
CDH,,2531,Canton de Saint-Nicolas,2009,parlement-wallon
MR,,3896,Canton de Saint-Nicolas,2009,parlement-wallon
ECOLO,,4132,Canton de Saint-Nicolas,2009,parlement-wallon
R.W.F.,,206,Canton de Saint-Nicolas,2009,parlement-wallon
FN,,629,Canton de Saint-Nicolas,2009,parlement-wallon
PTB+,,499,Canton de Saint-Nicolas,2009,parlement-wallon
PC - GE,,66,Canton de Saint-Nicolas,2009,parlement-wallon
MS,,22,Canton de Saint-Nicolas,2009,parlement-wallon
CAP DORAZIO,,48,Canton de Saint-Nicolas,2009,parlement-wallon
WALLONIE D'ABORD,,228,Canton de Saint-Nicolas,2009,parlement-wallon
WALLONS,,117,Canton de Saint-Nicolas,2009,parlement-wallon
PSL,,48,Canton de Saint-Nicolas,2009,parlement-wallon
RIPOST,,26,Canton de Saint-Nicolas,2009,parlement-wallon
FN PLUS,,51,Canton de Saint-Nicolas,2009,parlement-wallon
LiDé,,52,Canton de Saint-Nicolas,2009,parlement-wallon
PARTI PENSIONNES,,347,Canton de Saint-Nicolas,2009,parlement-wallon
PS,,6138,Canton de Saint-Vith,2009,parlement-wallon
CDH,,3947,Canton de Saint-Vith,2009,parlement-wallon
MR,,3144,Canton de Saint-Vith,2009,parlement-wallon
ECOLO,,2127,Canton de Saint-Vith,2009,parlement-wallon
R.W.F.,,31,Canton de Saint-Vith,2009,parlement-wallon
FN,,390,Canton de Saint-Vith,2009,parlement-wallon
PTB+,,52,Canton de Saint-Vith,2009,parlement-wallon
PC - GE,,21,Canton de Saint-Vith,2009,parlement-wallon
MS,,12,Canton de Saint-Vith,2009,parlement-wallon
WALLONIE D'ABORD,,61,Canton de Saint-Vith,2009,parlement-wallon
WALLONS,,73,Canton de Saint-Vith,2009,parlement-wallon
FN PLUS,,137,Canton de Saint-Vith,2009,parlement-wallon
LiDé,,60,Canton de Saint-Vith,2009,parlement-wallon
VELORUTION,,24,Canton de Saint-Vith,2009,parlement-wallon
PS,,929,Canton de Sainte-Ode,2009,parlement-wallon
CDH,,1752,Canton de Sainte-Ode,2009,parlement-wallon
MR,,1287,Canton de Sainte-Ode,2009,parlement-wallon
ECOLO,,513,Canton de Sainte-Ode,2009,parlement-wallon
R.W.F.,,31,Canton de Sainte-Ode,2009,parlement-wallon
PTB+,,11,Canton de Sainte-Ode,2009,parlement-wallon
PC - GE,,6,Canton de Sainte-Ode,2009,parlement-wallon
MS,,3,Canton de Sainte-Ode,2009,parlement-wallon
FN PLUS,,86,Canton de Sainte-Ode,2009,parlement-wallon
PS,,12474,Canton de Seneffe,2009,parlement-wallon
CDH,,4505,Canton de Seneffe,2009,parlement-wallon
MR,,7273,Canton de Seneffe,2009,parlement-wallon
ECOLO,,6101,Canton de Seneffe,2009,parlement-wallon
R.W.F.,,592,Canton de Seneffe,2009,parlement-wallon
FN,,1481,Canton de Seneffe,2009,parlement-wallon
PTB+,,359,Canton de Seneffe,2009,parlement-wallon
PC - GE,,125,Canton de Seneffe,2009,parlement-wallon
MS,,45,Canton de Seneffe,2009,parlement-wallon
WALLONIE D'ABORD,,389,Canton de Seneffe,2009,parlement-wallon
FN PLUS,,463,Canton de Seneffe,2009,parlement-wallon
WALLONS,,398,Canton de Seneffe,2009,parlement-wallon
LiDé,,157,Canton de Seneffe,2009,parlement-wallon
PS,,17982,Canton de Seraing,2009,parlement-wallon
CDH,,3414,Canton de Seraing,2009,parlement-wallon
MR,,5962,Canton de Seraing,2009,parlement-wallon
ECOLO,,7020,Canton de Seraing,2009,parlement-wallon
R.W.F.,,387,Canton de Seraing,2009,parlement-wallon
FN,,1113,Canton de Seraing,2009,parlement-wallon
PTB+,,1654,Canton de Seraing,2009,parlement-wallon
PC - GE,,210,Canton de Seraing,2009,parlement-wallon
MS,,52,Canton de Seraing,2009,parlement-wallon
CAP DORAZIO,,81,Canton de Seraing,2009,parlement-wallon
WALLONIE D'ABORD,,420,Canton de Seraing,2009,parlement-wallon
WALLONS,,245,Canton de Seraing,2009,parlement-wallon
PSL,,67,Canton de Seraing,2009,parlement-wallon
RIPOST,,34,Canton de Seraing,2009,parlement-wallon
FN PLUS,,93,Canton de Seraing,2009,parlement-wallon
LiDé,,93,Canton de Seraing,2009,parlement-wallon
PARTI PENSIONNES,,397,Canton de Seraing,2009,parlement-wallon
PS,,10866,Canton de Soignies,2009,parlement-wallon
CDH,,5067,Canton de Soignies,2009,parlement-wallon
MR,,8768,Canton de Soignies,2009,parlement-wallon
ECOLO,,6473,Canton de Soignies,2009,parlement-wallon
R.W.F.,,513,Canton de Soignies,2009,parlement-wallon
FN,,1029,Canton de Soignies,2009,parlement-wallon
PTB+,,279,Canton de Soignies,2009,parlement-wallon
PC - GE,,116,Canton de Soignies,2009,parlement-wallon
MS,,45,Canton de Soignies,2009,parlement-wallon
WALLONIE D'ABORD,,398,Canton de Soignies,2009,parlement-wallon
WALLONS,,202,Canton de Soignies,2009,parlement-wallon
REPUBLICAIN-WALLON,,70,Canton de Soignies,2009,parlement-wallon
FN PLUS,,204,Canton de Soignies,2009,parlement-wallon
PS,,4483,Canton de Spa,2009,parlement-wallon
CDH,,2648,Canton de Spa,2009,parlement-wallon
MR,,6179,Canton de Spa,2009,parlement-wallon
ECOLO,,4166,Canton de Spa,2009,parlement-wallon
R.W.F.,,330,Canton de Spa,2009,parlement-wallon
FN,,556,Canton de Spa,2009,parlement-wallon
PTB+,,134,Canton de Spa,2009,parlement-wallon
PC - GE,,45,Canton de Spa,2009,parlement-wallon
MS,,33,Canton de Spa,2009,parlement-wallon
WALLONIE D'ABORD,,193,Canton de Spa,2009,parlement-wallon
WALLONS,,190,Canton de Spa,2009,parlement-wallon
FN PLUS,,82,Canton de Spa,2009,parlement-wallon
LiDé,,90,Canton de Spa,2009,parlement-wallon
VELORUTION,,49,Canton de Spa,2009,parlement-wallon
PS,,1928,Canton de Stavelot,2009,parlement-wallon
CDH,,2119,Canton de Stavelot,2009,parlement-wallon
MR,,2632,Canton de Stavelot,2009,parlement-wallon
ECOLO,,2250,Canton de Stavelot,2009,parlement-wallon
R.W.F.,,188,Canton de Stavelot,2009,parlement-wallon
FN,,200,Canton de Stavelot,2009,parlement-wallon
PTB+,,72,Canton de Stavelot,2009,parlement-wallon
PC - GE,,25,Canton de Stavelot,2009,parlement-wallon
MS,,10,Canton de Stavelot,2009,parlement-wallon
WALLONIE D'ABORD,,84,Canton de Stavelot,2009,parlement-wallon
WALLONS,,70,Canton de Stavelot,2009,parlement-wallon
FN PLUS,,34,Canton de Stavelot,2009,parlement-wallon
LiDé,,15,Canton de Stavelot,2009,parlement-wallon
VELORUTION,,39,Canton de Stavelot,2009,parlement-wallon
PS,,7535,Canton de Thuin,2009,parlement-wallon
CDH,,2697,Canton de Thuin,2009,parlement-wallon
MR,,6083,Canton de Thuin,2009,parlement-wallon
ECOLO,,3906,Canton de Thuin,2009,parlement-wallon
R.W.F.,,463,Canton de Thuin,2009,parlement-wallon
PTB+,,165,Canton de Thuin,2009,parlement-wallon
PC - GE,,86,Canton de Thuin,2009,parlement-wallon
MS,,84,Canton de Thuin,2009,parlement-wallon
WALLONIE D'ABORD,,215,Canton de Thuin,2009,parlement-wallon
WALLONS,,158,Canton de Thuin,2009,parlement-wallon
FN PLUS,,581,Canton de Thuin,2009,parlement-wallon
PS,,15887,Canton de Tournai,2009,parlement-wallon
CDH,,4775,Canton de Tournai,2009,parlement-wallon
MR,,9758,Canton de Tournai,2009,parlement-wallon
ECOLO,,7000,Canton de Tournai,2009,parlement-wallon
R.W.F.,,463,Canton de Tournai,2009,parlement-wallon
FN,,996,Canton de Tournai,2009,parlement-wallon
PTB+,,177,Canton de Tournai,2009,parlement-wallon
PC - GE,,259,Canton de Tournai,2009,parlement-wallon
WALLONIE D'ABORD,,217,Canton de Tournai,2009,parlement-wallon
FN PLUS,,145,Canton de Tournai,2009,parlement-wallon
WALLONS,,305,Canton de Tournai,2009,parlement-wallon
PS,,1708,Canton de Verlaine,2009,parlement-wallon
CDH,,900,Canton de Verlaine,2009,parlement-wallon
MR,,1324,Canton de Verlaine,2009,parlement-wallon
ECOLO,,1692,Canton de Verlaine,2009,parlement-wallon
R.W.F.,,84,Canton de Verlaine,2009,parlement-wallon
FN,,157,Canton de Verlaine,2009,parlement-wallon
PTB+,,98,Canton de Verlaine,2009,parlement-wallon
PC - GE,,16,Canton de Verlaine,2009,parlement-wallon
MS,,16,Canton de Verlaine,2009,parlement-wallon
WALLONIE D'ABORD,,101,Canton de Verlaine,2009,parlement-wallon
GPS,,9,Canton de Verlaine,2009,parlement-wallon
PS,,9080,Canton de Verviers,2009,parlement-wallon
CDH,,6393,Canton de Verviers,2009,parlement-wallon
MR,,6723,Canton de Verviers,2009,parlement-wallon
ECOLO,,6086,Canton de Verviers,2009,parlement-wallon
R.W.F.,,454,Canton de Verviers,2009,parlement-wallon
FN,,1058,Canton de Verviers,2009,parlement-wallon
PTB+,,326,Canton de Verviers,2009,parlement-wallon
PC - GE,,141,Canton de Verviers,2009,parlement-wallon
MS,,46,Canton de Verviers,2009,parlement-wallon
WALLONIE D'ABORD,,338,Canton de Verviers,2009,parlement-wallon
WALLONS,,276,Canton de Verviers,2009,parlement-wallon
FN PLUS,,196,Canton de Verviers,2009,parlement-wallon
LiDé,,121,Canton de Verviers,2009,parlement-wallon
VELORUTION,,135,Canton de Verviers,2009,parlement-wallon
PS,,1696,Canton de Vielsalm,2009,parlement-wallon
CDH,,2841,Canton de Vielsalm,2009,parlement-wallon
MR,,1225,Canton de Vielsalm,2009,parlement-wallon
ECOLO,,1432,Canton de Vielsalm,2009,parlement-wallon
R.W.F.,,86,Canton de Vielsalm,2009,parlement-wallon
PTB+,,44,Canton de Vielsalm,2009,parlement-wallon
PC - GE,,62,Canton de Vielsalm,2009,parlement-wallon
MS,,6,Canton de Vielsalm,2009,parlement-wallon
FN PLUS,,183,Canton de Vielsalm,2009,parlement-wallon
PS,,4038,Canton de Virton,2009,parlement-wallon
CDH,,3191,Canton de Virton,2009,parlement-wallon
MR,,3191,Canton de Virton,2009,parlement-wallon
ECOLO,,2794,Canton de Virton,2009,parlement-wallon
R.W.F.,,274,Canton de Virton,2009,parlement-wallon
PTB+,,68,Canton de Virton,2009,parlement-wallon
PC - GE,,41,Canton de Virton,2009,parlement-wallon
CDF,,53,Canton de Virton,2009,parlement-wallon
ACNV,,72,Canton de Virton,2009,parlement-wallon
PS,,4534,Canton de Visé,2009,parlement-wallon
CDH,,2156,Canton de Visé,2009,parlement-wallon
MR,,4381,Canton de Visé,2009,parlement-wallon
ECOLO,,2334,Canton de Visé,2009,parlement-wallon
R.W.F.,,149,Canton de Visé,2009,parlement-wallon
FN,,281,Canton de Visé,2009,parlement-wallon
PTB+,,206,Canton de Visé,2009,parlement-wallon
PC - GE,,27,Canton de Visé,2009,parlement-wallon
MS,,5,Canton de Visé,2009,parlement-wallon
CAP DORAZIO,,13,Canton de Visé,2009,parlement-wallon
WALLONIE D'ABORD,,88,Canton de Visé,2009,parlement-wallon
WALLONS,,51,Canton de Visé,2009,parlement-wallon
PSL,,13,Canton de Visé,2009,parlement-wallon
RIPOST,,26,Canton de Visé,2009,parlement-wallon
FN PLUS,,35,Canton de Visé,2009,parlement-wallon
LiDé,,45,Canton de Visé,2009,parlement-wallon
PARTI PENSIONNES,,77,Canton de Visé,2009,parlement-wallon
PS,,3683,Canton de Walcourt,2009,parlement-wallon
CDH,,1756,Canton de Walcourt,2009,parlement-wallon
MR,,2280,Canton de Walcourt,2009,parlement-wallon
ECOLO,,2021,Canton de Walcourt,2009,parlement-wallon
R.W.F.,,278,Canton de Walcourt,2009,parlement-wallon
FN,,455,Canton de Walcourt,2009,parlement-wallon
PTB+,,92,Canton de Walcourt,2009,parlement-wallon
PC - GE,,12,Canton de Walcourt,2009,parlement-wallon
MS,,15,Canton de Walcourt,2009,parlement-wallon
WALLONIE D'ABORD,,168,Canton de Walcourt,2009,parlement-wallon
CDF,,63,Canton de Walcourt,2009,parlement-wallon
FN PLUS,,75,Canton de Walcourt,2009,parlement-wallon
LiDé,,249,Canton de Walcourt,2009,parlement-wallon
PS,,11046,Canton de Waremme,2009,parlement-wallon
CDH,,4442,Canton de Waremme,2009,parlement-wallon
MR,,7187,Canton de Waremme,2009,parlement-wallon
ECOLO,,6613,Canton de Waremme,2009,parlement-wallon
R.W.F.,,340,Canton de Waremme,2009,parlement-wallon
FN,,829,Canton de Waremme,2009,parlement-wallon
PTB+,,374,Canton de Waremme,2009,parlement-wallon
PC - GE,,164,Canton de Waremme,2009,parlement-wallon
MS,,114,Canton de Waremme,2009,parlement-wallon
WALLONIE D'ABORD,,358,Canton de Waremme,2009,parlement-wallon
GPS,,77,Canton de Waremme,2009,parlement-wallon
PS,,11878,Canton de Wavre,2009,parlement-wallon
CDH,,11724,Canton de Wavre,2009,parlement-wallon
MR,,32711,Canton de Wavre,2009,parlement-wallon
ECOLO,,21552,Canton de Wavre,2009,parlement-wallon
R.W.F.,,1236,Canton de Wavre,2009,parlement-wallon
FN,,1388,Canton de Wavre,2009,parlement-wallon
PTB+,,370,Canton de Wavre,2009,parlement-wallon
PC - GE,,130,Canton de Wavre,2009,parlement-wallon
MS,,45,Canton de Wavre,2009,parlement-wallon
CAP DORAZIO,,150,Canton de Wavre,2009,parlement-wallon
WALLONIE D'ABORD,,505,Canton de Wavre,2009,parlement-wallon
WALLONS,,418,Canton de Wavre,2009,parlement-wallon
Belgique Positif,,531,Canton de Wavre,2009,parlement-wallon
PSL,,140,Canton de Wavre,2009,parlement-wallon
PS,,1136,Canton de Wellin,2009,parlement-wallon
CDH,,998,Canton de Wellin,2009,parlement-wallon
MR,,1437,Canton de Wellin,2009,parlement-wallon
ECOLO,,635,Canton de Wellin,2009,parlement-wallon
R.W.F.,,60,Canton de Wellin,2009,parlement-wallon
PTB+,,20,Canton de Wellin,2009,parlement-wallon
PC - GE,,7,Canton de Wellin,2009,parlement-wallon
CDF,,13,Canton de Wellin,2009,parlement-wallon
ACNV,,13,Canton de Wellin,2009,parlement-wallon
