Parti,Nombre de sièges,Nombre de voix,commune,date,election
ECOLO,,5613,Anderlecht,2019,parlement-de-la-région-de-bruxelles-capitale
open vld,,715,Anderlecht,2019,parlement-de-la-région-de-bruxelles-capitale
CDH,,2177,Anderlecht,2019,parlement-de-la-région-de-bruxelles-capitale
MR,,5505,Anderlecht,2019,parlement-de-la-région-de-bruxelles-capitale
Parti Populaire,,834,Anderlecht,2019,parlement-de-la-région-de-bruxelles-capitale
N-VA,,1452,Anderlecht,2019,parlement-de-la-région-de-bruxelles-capitale
VLAAMS BELANG,,962,Anderlecht,2019,parlement-de-la-région-de-bruxelles-capitale
CD&V,,540,Anderlecht,2019,parlement-de-la-région-de-bruxelles-capitale
DéFI,,2901,Anderlecht,2019,parlement-de-la-région-de-bruxelles-capitale
PTB,,7395,Anderlecht,2019,parlement-de-la-région-de-bruxelles-capitale
LISTES DESTEXHE,,694,Anderlecht,2019,parlement-de-la-région-de-bruxelles-capitale
GROEN,,913,Anderlecht,2019,parlement-de-la-région-de-bruxelles-capitale
PS,,10295,Anderlecht,2019,parlement-de-la-région-de-bruxelles-capitale
PVDA,,310,Anderlecht,2019,parlement-de-la-région-de-bruxelles-capitale
Agora,,155,Anderlecht,2019,parlement-de-la-région-de-bruxelles-capitale
one.brussels-sp.a,,1232,Anderlecht,2019,parlement-de-la-région-de-bruxelles-capitale
act-SALEM,,182,Anderlecht,2019,parlement-de-la-région-de-bruxelles-capitale
DierAnimal,,441,Anderlecht,2019,parlement-de-la-région-de-bruxelles-capitale
PLAN B,,117,Anderlecht,2019,parlement-de-la-région-de-bruxelles-capitale
Hé,,106,Anderlecht,2019,parlement-de-la-région-de-bruxelles-capitale
Be.One,,432,Anderlecht,2019,parlement-de-la-région-de-bruxelles-capitale
COLLECTIF CITOYEN,,187,Anderlecht,2019,parlement-de-la-région-de-bruxelles-capitale
DIERANIMAL - NL,,91,Anderlecht,2019,parlement-de-la-région-de-bruxelles-capitale
be@eu,,68,Anderlecht,2019,parlement-de-la-région-de-bruxelles-capitale
ECOLO,,3059,Auderghem,2019,parlement-de-la-région-de-bruxelles-capitale
open vld,,340,Auderghem,2019,parlement-de-la-région-de-bruxelles-capitale
CDH,,745,Auderghem,2019,parlement-de-la-région-de-bruxelles-capitale
MR,,2695,Auderghem,2019,parlement-de-la-région-de-bruxelles-capitale
Parti Populaire,,239,Auderghem,2019,parlement-de-la-région-de-bruxelles-capitale
N-VA,,317,Auderghem,2019,parlement-de-la-région-de-bruxelles-capitale
VLAAMS BELANG,,130,Auderghem,2019,parlement-de-la-région-de-bruxelles-capitale
CD&V,,143,Auderghem,2019,parlement-de-la-région-de-bruxelles-capitale
DéFI,,4219,Auderghem,2019,parlement-de-la-région-de-bruxelles-capitale
PTB,,864,Auderghem,2019,parlement-de-la-région-de-bruxelles-capitale
LISTES DESTEXHE,,475,Auderghem,2019,parlement-de-la-région-de-bruxelles-capitale
GROEN,,447,Auderghem,2019,parlement-de-la-région-de-bruxelles-capitale
PS,,1333,Auderghem,2019,parlement-de-la-région-de-bruxelles-capitale
PVDA,,54,Auderghem,2019,parlement-de-la-région-de-bruxelles-capitale
Agora,,137,Auderghem,2019,parlement-de-la-région-de-bruxelles-capitale
one.brussels-sp.a,,179,Auderghem,2019,parlement-de-la-région-de-bruxelles-capitale
act-SALEM,,14,Auderghem,2019,parlement-de-la-région-de-bruxelles-capitale
DierAnimal,,201,Auderghem,2019,parlement-de-la-région-de-bruxelles-capitale
PLAN B,,25,Auderghem,2019,parlement-de-la-région-de-bruxelles-capitale
Hé,,8,Auderghem,2019,parlement-de-la-région-de-bruxelles-capitale
Be.One,,24,Auderghem,2019,parlement-de-la-région-de-bruxelles-capitale
COLLECTIF CITOYEN,,71,Auderghem,2019,parlement-de-la-région-de-bruxelles-capitale
DIERANIMAL - NL,,28,Auderghem,2019,parlement-de-la-région-de-bruxelles-capitale
be@eu,,9,Auderghem,2019,parlement-de-la-région-de-bruxelles-capitale
ECOLO,,1398,Berchem-Sainte-Agathe,2019,parlement-de-la-région-de-bruxelles-capitale
open vld,,565,Berchem-Sainte-Agathe,2019,parlement-de-la-région-de-bruxelles-capitale
CDH,,1034,Berchem-Sainte-Agathe,2019,parlement-de-la-région-de-bruxelles-capitale
MR,,1628,Berchem-Sainte-Agathe,2019,parlement-de-la-région-de-bruxelles-capitale
Parti Populaire,,200,Berchem-Sainte-Agathe,2019,parlement-de-la-région-de-bruxelles-capitale
N-VA,,611,Berchem-Sainte-Agathe,2019,parlement-de-la-région-de-bruxelles-capitale
VLAAMS BELANG,,289,Berchem-Sainte-Agathe,2019,parlement-de-la-région-de-bruxelles-capitale
CD&V,,214,Berchem-Sainte-Agathe,2019,parlement-de-la-région-de-bruxelles-capitale
DéFI,,1138,Berchem-Sainte-Agathe,2019,parlement-de-la-région-de-bruxelles-capitale
PTB,,1328,Berchem-Sainte-Agathe,2019,parlement-de-la-région-de-bruxelles-capitale
LISTES DESTEXHE,,303,Berchem-Sainte-Agathe,2019,parlement-de-la-région-de-bruxelles-capitale
GROEN,,239,Berchem-Sainte-Agathe,2019,parlement-de-la-région-de-bruxelles-capitale
PS,,1998,Berchem-Sainte-Agathe,2019,parlement-de-la-région-de-bruxelles-capitale
PVDA,,93,Berchem-Sainte-Agathe,2019,parlement-de-la-région-de-bruxelles-capitale
Agora,,39,Berchem-Sainte-Agathe,2019,parlement-de-la-région-de-bruxelles-capitale
one.brussels-sp.a,,265,Berchem-Sainte-Agathe,2019,parlement-de-la-région-de-bruxelles-capitale
act-SALEM,,49,Berchem-Sainte-Agathe,2019,parlement-de-la-région-de-bruxelles-capitale
DierAnimal,,172,Berchem-Sainte-Agathe,2019,parlement-de-la-région-de-bruxelles-capitale
PLAN B,,28,Berchem-Sainte-Agathe,2019,parlement-de-la-région-de-bruxelles-capitale
Hé,,19,Berchem-Sainte-Agathe,2019,parlement-de-la-région-de-bruxelles-capitale
Be.One,,99,Berchem-Sainte-Agathe,2019,parlement-de-la-région-de-bruxelles-capitale
COLLECTIF CITOYEN,,35,Berchem-Sainte-Agathe,2019,parlement-de-la-région-de-bruxelles-capitale
DIERANIMAL - NL,,36,Berchem-Sainte-Agathe,2019,parlement-de-la-région-de-bruxelles-capitale
be@eu,,13,Berchem-Sainte-Agathe,2019,parlement-de-la-région-de-bruxelles-capitale
ECOLO,,8374,Bruxelles,2019,parlement-de-la-région-de-bruxelles-capitale
open vld,,1797,Bruxelles,2019,parlement-de-la-région-de-bruxelles-capitale
CDH,,4233,Bruxelles,2019,parlement-de-la-région-de-bruxelles-capitale
MR,,6274,Bruxelles,2019,parlement-de-la-région-de-bruxelles-capitale
Parti Populaire,,836,Bruxelles,2019,parlement-de-la-région-de-bruxelles-capitale
N-VA,,2145,Bruxelles,2019,parlement-de-la-région-de-bruxelles-capitale
VLAAMS BELANG,,946,Bruxelles,2019,parlement-de-la-région-de-bruxelles-capitale
CD&V,,1001,Bruxelles,2019,parlement-de-la-région-de-bruxelles-capitale
DéFI,,4880,Bruxelles,2019,parlement-de-la-région-de-bruxelles-capitale
PTB,,8830,Bruxelles,2019,parlement-de-la-région-de-bruxelles-capitale
LISTES DESTEXHE,,1001,Bruxelles,2019,parlement-de-la-région-de-bruxelles-capitale
GROEN,,2755,Bruxelles,2019,parlement-de-la-région-de-bruxelles-capitale
PS,,14754,Bruxelles,2019,parlement-de-la-région-de-bruxelles-capitale
PVDA,,603,Bruxelles,2019,parlement-de-la-région-de-bruxelles-capitale
Agora,,366,Bruxelles,2019,parlement-de-la-région-de-bruxelles-capitale
one.brussels-sp.a,,2217,Bruxelles,2019,parlement-de-la-région-de-bruxelles-capitale
act-SALEM,,379,Bruxelles,2019,parlement-de-la-région-de-bruxelles-capitale
DierAnimal,,597,Bruxelles,2019,parlement-de-la-région-de-bruxelles-capitale
PLAN B,,242,Bruxelles,2019,parlement-de-la-région-de-bruxelles-capitale
Hé,,101,Bruxelles,2019,parlement-de-la-région-de-bruxelles-capitale
Be.One,,656,Bruxelles,2019,parlement-de-la-région-de-bruxelles-capitale
COLLECTIF CITOYEN,,278,Bruxelles,2019,parlement-de-la-région-de-bruxelles-capitale
DIERANIMAL - NL,,91,Bruxelles,2019,parlement-de-la-région-de-bruxelles-capitale
be@eu,,91,Bruxelles,2019,parlement-de-la-région-de-bruxelles-capitale
ECOLO,,3308,Etterbeek,2019,parlement-de-la-région-de-bruxelles-capitale
open vld,,423,Etterbeek,2019,parlement-de-la-région-de-bruxelles-capitale
CDH,,1047,Etterbeek,2019,parlement-de-la-région-de-bruxelles-capitale
MR,,3755,Etterbeek,2019,parlement-de-la-région-de-bruxelles-capitale
Parti Populaire,,188,Etterbeek,2019,parlement-de-la-région-de-bruxelles-capitale
N-VA,,344,Etterbeek,2019,parlement-de-la-région-de-bruxelles-capitale
VLAAMS BELANG,,114,Etterbeek,2019,parlement-de-la-région-de-bruxelles-capitale
CD&V,,210,Etterbeek,2019,parlement-de-la-région-de-bruxelles-capitale
DéFI,,1602,Etterbeek,2019,parlement-de-la-région-de-bruxelles-capitale
PTB,,1295,Etterbeek,2019,parlement-de-la-région-de-bruxelles-capitale
LISTES DESTEXHE,,342,Etterbeek,2019,parlement-de-la-région-de-bruxelles-capitale
GROEN,,630,Etterbeek,2019,parlement-de-la-région-de-bruxelles-capitale
PS,,2019,Etterbeek,2019,parlement-de-la-région-de-bruxelles-capitale
PVDA,,89,Etterbeek,2019,parlement-de-la-région-de-bruxelles-capitale
Agora,,235,Etterbeek,2019,parlement-de-la-région-de-bruxelles-capitale
one.brussels-sp.a,,288,Etterbeek,2019,parlement-de-la-région-de-bruxelles-capitale
act-SALEM,,30,Etterbeek,2019,parlement-de-la-région-de-bruxelles-capitale
DierAnimal,,183,Etterbeek,2019,parlement-de-la-région-de-bruxelles-capitale
PLAN B,,45,Etterbeek,2019,parlement-de-la-région-de-bruxelles-capitale
Hé,,15,Etterbeek,2019,parlement-de-la-région-de-bruxelles-capitale
Be.One,,55,Etterbeek,2019,parlement-de-la-région-de-bruxelles-capitale
COLLECTIF CITOYEN,,84,Etterbeek,2019,parlement-de-la-région-de-bruxelles-capitale
DIERANIMAL - NL,,21,Etterbeek,2019,parlement-de-la-région-de-bruxelles-capitale
be@eu,,17,Etterbeek,2019,parlement-de-la-région-de-bruxelles-capitale
ECOLO,,2281,Evere,2019,parlement-de-la-région-de-bruxelles-capitale
open vld,,471,Evere,2019,parlement-de-la-région-de-bruxelles-capitale
CDH,,916,Evere,2019,parlement-de-la-région-de-bruxelles-capitale
MR,,2192,Evere,2019,parlement-de-la-région-de-bruxelles-capitale
Parti Populaire,,400,Evere,2019,parlement-de-la-région-de-bruxelles-capitale
N-VA,,607,Evere,2019,parlement-de-la-région-de-bruxelles-capitale
VLAAMS BELANG,,307,Evere,2019,parlement-de-la-région-de-bruxelles-capitale
CD&V,,196,Evere,2019,parlement-de-la-région-de-bruxelles-capitale
DéFI,,2292,Evere,2019,parlement-de-la-région-de-bruxelles-capitale
PTB,,1788,Evere,2019,parlement-de-la-région-de-bruxelles-capitale
LISTES DESTEXHE,,447,Evere,2019,parlement-de-la-région-de-bruxelles-capitale
GROEN,,270,Evere,2019,parlement-de-la-région-de-bruxelles-capitale
PS,,4076,Evere,2019,parlement-de-la-région-de-bruxelles-capitale
PVDA,,86,Evere,2019,parlement-de-la-région-de-bruxelles-capitale
Agora,,72,Evere,2019,parlement-de-la-région-de-bruxelles-capitale
one.brussels-sp.a,,207,Evere,2019,parlement-de-la-région-de-bruxelles-capitale
act-SALEM,,52,Evere,2019,parlement-de-la-région-de-bruxelles-capitale
DierAnimal,,201,Evere,2019,parlement-de-la-région-de-bruxelles-capitale
PLAN B,,51,Evere,2019,parlement-de-la-région-de-bruxelles-capitale
Hé,,27,Evere,2019,parlement-de-la-région-de-bruxelles-capitale
Be.One,,106,Evere,2019,parlement-de-la-région-de-bruxelles-capitale
COLLECTIF CITOYEN,,75,Evere,2019,parlement-de-la-région-de-bruxelles-capitale
DIERANIMAL - NL,,30,Evere,2019,parlement-de-la-région-de-bruxelles-capitale
be@eu,,22,Evere,2019,parlement-de-la-région-de-bruxelles-capitale
ECOLO,,4598,Forest,2019,parlement-de-la-région-de-bruxelles-capitale
open vld,,352,Forest,2019,parlement-de-la-région-de-bruxelles-capitale
CDH,,1069,Forest,2019,parlement-de-la-région-de-bruxelles-capitale
MR,,2541,Forest,2019,parlement-de-la-région-de-bruxelles-capitale
Parti Populaire,,308,Forest,2019,parlement-de-la-région-de-bruxelles-capitale
N-VA,,346,Forest,2019,parlement-de-la-région-de-bruxelles-capitale
VLAAMS BELANG,,151,Forest,2019,parlement-de-la-région-de-bruxelles-capitale
CD&V,,145,Forest,2019,parlement-de-la-région-de-bruxelles-capitale
DéFI,,2415,Forest,2019,parlement-de-la-région-de-bruxelles-capitale
PTB,,2670,Forest,2019,parlement-de-la-région-de-bruxelles-capitale
LISTES DESTEXHE,,441,Forest,2019,parlement-de-la-région-de-bruxelles-capitale
GROEN,,752,Forest,2019,parlement-de-la-région-de-bruxelles-capitale
PS,,4232,Forest,2019,parlement-de-la-région-de-bruxelles-capitale
PVDA,,139,Forest,2019,parlement-de-la-région-de-bruxelles-capitale
Agora,,225,Forest,2019,parlement-de-la-région-de-bruxelles-capitale
one.brussels-sp.a,,483,Forest,2019,parlement-de-la-région-de-bruxelles-capitale
act-SALEM,,61,Forest,2019,parlement-de-la-région-de-bruxelles-capitale
DierAnimal,,280,Forest,2019,parlement-de-la-région-de-bruxelles-capitale
PLAN B,,49,Forest,2019,parlement-de-la-région-de-bruxelles-capitale
Hé,,32,Forest,2019,parlement-de-la-région-de-bruxelles-capitale
Be.One,,140,Forest,2019,parlement-de-la-région-de-bruxelles-capitale
COLLECTIF CITOYEN,,112,Forest,2019,parlement-de-la-région-de-bruxelles-capitale
DIERANIMAL - NL,,24,Forest,2019,parlement-de-la-région-de-bruxelles-capitale
be@eu,,34,Forest,2019,parlement-de-la-région-de-bruxelles-capitale
ECOLO,,1396,Ganshoren,2019,parlement-de-la-région-de-bruxelles-capitale
open vld,,458,Ganshoren,2019,parlement-de-la-région-de-bruxelles-capitale
CDH,,1364,Ganshoren,2019,parlement-de-la-région-de-bruxelles-capitale
MR,,1601,Ganshoren,2019,parlement-de-la-région-de-bruxelles-capitale
Parti Populaire,,251,Ganshoren,2019,parlement-de-la-région-de-bruxelles-capitale
N-VA,,540,Ganshoren,2019,parlement-de-la-région-de-bruxelles-capitale
VLAAMS BELANG,,254,Ganshoren,2019,parlement-de-la-région-de-bruxelles-capitale
CD&V,,213,Ganshoren,2019,parlement-de-la-région-de-bruxelles-capitale
DéFI,,1084,Ganshoren,2019,parlement-de-la-région-de-bruxelles-capitale
PTB,,1130,Ganshoren,2019,parlement-de-la-région-de-bruxelles-capitale
LISTES DESTEXHE,,287,Ganshoren,2019,parlement-de-la-région-de-bruxelles-capitale
GROEN,,284,Ganshoren,2019,parlement-de-la-région-de-bruxelles-capitale
PS,,1845,Ganshoren,2019,parlement-de-la-région-de-bruxelles-capitale
PVDA,,81,Ganshoren,2019,parlement-de-la-région-de-bruxelles-capitale
Agora,,41,Ganshoren,2019,parlement-de-la-région-de-bruxelles-capitale
one.brussels-sp.a,,260,Ganshoren,2019,parlement-de-la-région-de-bruxelles-capitale
act-SALEM,,38,Ganshoren,2019,parlement-de-la-région-de-bruxelles-capitale
DierAnimal,,187,Ganshoren,2019,parlement-de-la-région-de-bruxelles-capitale
PLAN B,,23,Ganshoren,2019,parlement-de-la-région-de-bruxelles-capitale
Hé,,22,Ganshoren,2019,parlement-de-la-région-de-bruxelles-capitale
Be.One,,73,Ganshoren,2019,parlement-de-la-région-de-bruxelles-capitale
COLLECTIF CITOYEN,,56,Ganshoren,2019,parlement-de-la-région-de-bruxelles-capitale
DIERANIMAL - NL,,21,Ganshoren,2019,parlement-de-la-région-de-bruxelles-capitale
be@eu,,8,Ganshoren,2019,parlement-de-la-région-de-bruxelles-capitale
ECOLO,,7148,Ixelles,2019,parlement-de-la-région-de-bruxelles-capitale
open vld,,726,Ixelles,2019,parlement-de-la-région-de-bruxelles-capitale
CDH,,1358,Ixelles,2019,parlement-de-la-région-de-bruxelles-capitale
MR,,5006,Ixelles,2019,parlement-de-la-région-de-bruxelles-capitale
Parti Populaire,,339,Ixelles,2019,parlement-de-la-région-de-bruxelles-capitale
N-VA,,611,Ixelles,2019,parlement-de-la-région-de-bruxelles-capitale
VLAAMS BELANG,,168,Ixelles,2019,parlement-de-la-région-de-bruxelles-capitale
CD&V,,217,Ixelles,2019,parlement-de-la-région-de-bruxelles-capitale
DéFI,,2768,Ixelles,2019,parlement-de-la-région-de-bruxelles-capitale
PTB,,2512,Ixelles,2019,parlement-de-la-région-de-bruxelles-capitale
LISTES DESTEXHE,,668,Ixelles,2019,parlement-de-la-région-de-bruxelles-capitale
GROEN,,1146,Ixelles,2019,parlement-de-la-région-de-bruxelles-capitale
PS,,3908,Ixelles,2019,parlement-de-la-région-de-bruxelles-capitale
PVDA,,149,Ixelles,2019,parlement-de-la-région-de-bruxelles-capitale
Agora,,410,Ixelles,2019,parlement-de-la-région-de-bruxelles-capitale
one.brussels-sp.a,,569,Ixelles,2019,parlement-de-la-région-de-bruxelles-capitale
act-SALEM,,36,Ixelles,2019,parlement-de-la-région-de-bruxelles-capitale
DierAnimal,,382,Ixelles,2019,parlement-de-la-région-de-bruxelles-capitale
PLAN B,,64,Ixelles,2019,parlement-de-la-région-de-bruxelles-capitale
Hé,,35,Ixelles,2019,parlement-de-la-région-de-bruxelles-capitale
Be.One,,121,Ixelles,2019,parlement-de-la-région-de-bruxelles-capitale
COLLECTIF CITOYEN,,152,Ixelles,2019,parlement-de-la-région-de-bruxelles-capitale
DIERANIMAL - NL,,38,Ixelles,2019,parlement-de-la-région-de-bruxelles-capitale
be@eu,,25,Ixelles,2019,parlement-de-la-région-de-bruxelles-capitale
ECOLO,,3286,Jette,2019,parlement-de-la-région-de-bruxelles-capitale
open vld,,745,Jette,2019,parlement-de-la-région-de-bruxelles-capitale
CDH,,2245,Jette,2019,parlement-de-la-région-de-bruxelles-capitale
MR,,2804,Jette,2019,parlement-de-la-région-de-bruxelles-capitale
Parti Populaire,,391,Jette,2019,parlement-de-la-région-de-bruxelles-capitale
N-VA,,977,Jette,2019,parlement-de-la-région-de-bruxelles-capitale
VLAAMS BELANG,,606,Jette,2019,parlement-de-la-région-de-bruxelles-capitale
CD&V,,440,Jette,2019,parlement-de-la-région-de-bruxelles-capitale
DéFI,,2174,Jette,2019,parlement-de-la-région-de-bruxelles-capitale
PTB,,2664,Jette,2019,parlement-de-la-région-de-bruxelles-capitale
LISTES DESTEXHE,,536,Jette,2019,parlement-de-la-région-de-bruxelles-capitale
GROEN,,895,Jette,2019,parlement-de-la-région-de-bruxelles-capitale
PS,,3795,Jette,2019,parlement-de-la-région-de-bruxelles-capitale
PVDA,,152,Jette,2019,parlement-de-la-région-de-bruxelles-capitale
Agora,,90,Jette,2019,parlement-de-la-région-de-bruxelles-capitale
one.brussels-sp.a,,698,Jette,2019,parlement-de-la-région-de-bruxelles-capitale
act-SALEM,,110,Jette,2019,parlement-de-la-région-de-bruxelles-capitale
DierAnimal,,298,Jette,2019,parlement-de-la-région-de-bruxelles-capitale
PLAN B,,56,Jette,2019,parlement-de-la-région-de-bruxelles-capitale
Hé,,46,Jette,2019,parlement-de-la-région-de-bruxelles-capitale
Be.One,,138,Jette,2019,parlement-de-la-région-de-bruxelles-capitale
COLLECTIF CITOYEN,,117,Jette,2019,parlement-de-la-région-de-bruxelles-capitale
DIERANIMAL - NL,,51,Jette,2019,parlement-de-la-région-de-bruxelles-capitale
be@eu,,25,Jette,2019,parlement-de-la-région-de-bruxelles-capitale
ECOLO,,985,Koekelberg,2019,parlement-de-la-région-de-bruxelles-capitale
open vld,,215,Koekelberg,2019,parlement-de-la-région-de-bruxelles-capitale
CDH,,542,Koekelberg,2019,parlement-de-la-région-de-bruxelles-capitale
MR,,1121,Koekelberg,2019,parlement-de-la-région-de-bruxelles-capitale
Parti Populaire,,131,Koekelberg,2019,parlement-de-la-région-de-bruxelles-capitale
N-VA,,298,Koekelberg,2019,parlement-de-la-région-de-bruxelles-capitale
VLAAMS BELANG,,143,Koekelberg,2019,parlement-de-la-région-de-bruxelles-capitale
CD&V,,99,Koekelberg,2019,parlement-de-la-région-de-bruxelles-capitale
DéFI,,524,Koekelberg,2019,parlement-de-la-région-de-bruxelles-capitale
PTB,,1007,Koekelberg,2019,parlement-de-la-région-de-bruxelles-capitale
LISTES DESTEXHE,,123,Koekelberg,2019,parlement-de-la-région-de-bruxelles-capitale
GROEN,,284,Koekelberg,2019,parlement-de-la-région-de-bruxelles-capitale
PS,,2279,Koekelberg,2019,parlement-de-la-région-de-bruxelles-capitale
PVDA,,55,Koekelberg,2019,parlement-de-la-région-de-bruxelles-capitale
Agora,,31,Koekelberg,2019,parlement-de-la-région-de-bruxelles-capitale
one.brussels-sp.a,,282,Koekelberg,2019,parlement-de-la-région-de-bruxelles-capitale
act-SALEM,,38,Koekelberg,2019,parlement-de-la-région-de-bruxelles-capitale
DierAnimal,,86,Koekelberg,2019,parlement-de-la-région-de-bruxelles-capitale
PLAN B,,15,Koekelberg,2019,parlement-de-la-région-de-bruxelles-capitale
Hé,,12,Koekelberg,2019,parlement-de-la-région-de-bruxelles-capitale
Be.One,,95,Koekelberg,2019,parlement-de-la-région-de-bruxelles-capitale
COLLECTIF CITOYEN,,36,Koekelberg,2019,parlement-de-la-région-de-bruxelles-capitale
DIERANIMAL - NL,,11,Koekelberg,2019,parlement-de-la-région-de-bruxelles-capitale
be@eu,,5,Koekelberg,2019,parlement-de-la-région-de-bruxelles-capitale
ECOLO,,3529,Molenbeek-Saint-Jean,2019,parlement-de-la-région-de-bruxelles-capitale
open vld,,731,Molenbeek-Saint-Jean,2019,parlement-de-la-région-de-bruxelles-capitale
CDH,,2469,Molenbeek-Saint-Jean,2019,parlement-de-la-région-de-bruxelles-capitale
MR,,3590,Molenbeek-Saint-Jean,2019,parlement-de-la-région-de-bruxelles-capitale
Parti Populaire,,451,Molenbeek-Saint-Jean,2019,parlement-de-la-région-de-bruxelles-capitale
N-VA,,1022,Molenbeek-Saint-Jean,2019,parlement-de-la-région-de-bruxelles-capitale
VLAAMS BELANG,,502,Molenbeek-Saint-Jean,2019,parlement-de-la-région-de-bruxelles-capitale
CD&V,,376,Molenbeek-Saint-Jean,2019,parlement-de-la-région-de-bruxelles-capitale
DéFI,,1841,Molenbeek-Saint-Jean,2019,parlement-de-la-région-de-bruxelles-capitale
PTB,,6167,Molenbeek-Saint-Jean,2019,parlement-de-la-région-de-bruxelles-capitale
LISTES DESTEXHE,,503,Molenbeek-Saint-Jean,2019,parlement-de-la-région-de-bruxelles-capitale
GROEN,,831,Molenbeek-Saint-Jean,2019,parlement-de-la-région-de-bruxelles-capitale
PS,,10419,Molenbeek-Saint-Jean,2019,parlement-de-la-région-de-bruxelles-capitale
PVDA,,306,Molenbeek-Saint-Jean,2019,parlement-de-la-région-de-bruxelles-capitale
Agora,,126,Molenbeek-Saint-Jean,2019,parlement-de-la-région-de-bruxelles-capitale
one.brussels-sp.a,,1293,Molenbeek-Saint-Jean,2019,parlement-de-la-région-de-bruxelles-capitale
act-SALEM,,210,Molenbeek-Saint-Jean,2019,parlement-de-la-région-de-bruxelles-capitale
DierAnimal,,229,Molenbeek-Saint-Jean,2019,parlement-de-la-région-de-bruxelles-capitale
PLAN B,,82,Molenbeek-Saint-Jean,2019,parlement-de-la-région-de-bruxelles-capitale
Hé,,128,Molenbeek-Saint-Jean,2019,parlement-de-la-région-de-bruxelles-capitale
Be.One,,425,Molenbeek-Saint-Jean,2019,parlement-de-la-région-de-bruxelles-capitale
COLLECTIF CITOYEN,,112,Molenbeek-Saint-Jean,2019,parlement-de-la-région-de-bruxelles-capitale
DIERANIMAL - NL,,48,Molenbeek-Saint-Jean,2019,parlement-de-la-région-de-bruxelles-capitale
be@eu,,58,Molenbeek-Saint-Jean,2019,parlement-de-la-région-de-bruxelles-capitale
ECOLO,,3535,Saint-Gilles,2019,parlement-de-la-région-de-bruxelles-capitale
open vld,,277,Saint-Gilles,2019,parlement-de-la-région-de-bruxelles-capitale
CDH,,596,Saint-Gilles,2019,parlement-de-la-région-de-bruxelles-capitale
MR,,1230,Saint-Gilles,2019,parlement-de-la-région-de-bruxelles-capitale
Parti Populaire,,187,Saint-Gilles,2019,parlement-de-la-région-de-bruxelles-capitale
N-VA,,291,Saint-Gilles,2019,parlement-de-la-région-de-bruxelles-capitale
VLAAMS BELANG,,117,Saint-Gilles,2019,parlement-de-la-région-de-bruxelles-capitale
CD&V,,93,Saint-Gilles,2019,parlement-de-la-région-de-bruxelles-capitale
DéFI,,879,Saint-Gilles,2019,parlement-de-la-région-de-bruxelles-capitale
PTB,,2523,Saint-Gilles,2019,parlement-de-la-région-de-bruxelles-capitale
LISTES DESTEXHE,,198,Saint-Gilles,2019,parlement-de-la-région-de-bruxelles-capitale
GROEN,,741,Saint-Gilles,2019,parlement-de-la-région-de-bruxelles-capitale
PS,,3213,Saint-Gilles,2019,parlement-de-la-région-de-bruxelles-capitale
PVDA,,167,Saint-Gilles,2019,parlement-de-la-région-de-bruxelles-capitale
Agora,,247,Saint-Gilles,2019,parlement-de-la-région-de-bruxelles-capitale
one.brussels-sp.a,,495,Saint-Gilles,2019,parlement-de-la-région-de-bruxelles-capitale
act-SALEM,,47,Saint-Gilles,2019,parlement-de-la-région-de-bruxelles-capitale
DierAnimal,,163,Saint-Gilles,2019,parlement-de-la-région-de-bruxelles-capitale
PLAN B,,41,Saint-Gilles,2019,parlement-de-la-région-de-bruxelles-capitale
Hé,,24,Saint-Gilles,2019,parlement-de-la-région-de-bruxelles-capitale
Be.One,,117,Saint-Gilles,2019,parlement-de-la-région-de-bruxelles-capitale
COLLECTIF CITOYEN,,90,Saint-Gilles,2019,parlement-de-la-région-de-bruxelles-capitale
DIERANIMAL - NL,,38,Saint-Gilles,2019,parlement-de-la-région-de-bruxelles-capitale
be@eu,,26,Saint-Gilles,2019,parlement-de-la-région-de-bruxelles-capitale
ECOLO,,1223,Saint-Josse-Ten-Noode,2019,parlement-de-la-région-de-bruxelles-capitale
open vld,,119,Saint-Josse-Ten-Noode,2019,parlement-de-la-région-de-bruxelles-capitale
CDH,,514,Saint-Josse-Ten-Noode,2019,parlement-de-la-région-de-bruxelles-capitale
MR,,400,Saint-Josse-Ten-Noode,2019,parlement-de-la-région-de-bruxelles-capitale
Parti Populaire,,93,Saint-Josse-Ten-Noode,2019,parlement-de-la-région-de-bruxelles-capitale
N-VA,,122,Saint-Josse-Ten-Noode,2019,parlement-de-la-région-de-bruxelles-capitale
VLAAMS BELANG,,76,Saint-Josse-Ten-Noode,2019,parlement-de-la-région-de-bruxelles-capitale
CD&V,,81,Saint-Josse-Ten-Noode,2019,parlement-de-la-région-de-bruxelles-capitale
DéFI,,439,Saint-Josse-Ten-Noode,2019,parlement-de-la-région-de-bruxelles-capitale
PTB,,958,Saint-Josse-Ten-Noode,2019,parlement-de-la-région-de-bruxelles-capitale
LISTES DESTEXHE,,82,Saint-Josse-Ten-Noode,2019,parlement-de-la-région-de-bruxelles-capitale
GROEN,,278,Saint-Josse-Ten-Noode,2019,parlement-de-la-région-de-bruxelles-capitale
PS,,3594,Saint-Josse-Ten-Noode,2019,parlement-de-la-région-de-bruxelles-capitale
PVDA,,51,Saint-Josse-Ten-Noode,2019,parlement-de-la-région-de-bruxelles-capitale
Agora,,64,Saint-Josse-Ten-Noode,2019,parlement-de-la-région-de-bruxelles-capitale
one.brussels-sp.a,,183,Saint-Josse-Ten-Noode,2019,parlement-de-la-région-de-bruxelles-capitale
act-SALEM,,24,Saint-Josse-Ten-Noode,2019,parlement-de-la-région-de-bruxelles-capitale
DierAnimal,,52,Saint-Josse-Ten-Noode,2019,parlement-de-la-région-de-bruxelles-capitale
PLAN B,,29,Saint-Josse-Ten-Noode,2019,parlement-de-la-région-de-bruxelles-capitale
Hé,,11,Saint-Josse-Ten-Noode,2019,parlement-de-la-région-de-bruxelles-capitale
Be.One,,66,Saint-Josse-Ten-Noode,2019,parlement-de-la-région-de-bruxelles-capitale
COLLECTIF CITOYEN,,25,Saint-Josse-Ten-Noode,2019,parlement-de-la-région-de-bruxelles-capitale
DIERANIMAL - NL,,12,Saint-Josse-Ten-Noode,2019,parlement-de-la-région-de-bruxelles-capitale
be@eu,,22,Saint-Josse-Ten-Noode,2019,parlement-de-la-région-de-bruxelles-capitale
ECOLO,,7649,Schaerbeek,2019,parlement-de-la-région-de-bruxelles-capitale
open vld,,938,Schaerbeek,2019,parlement-de-la-région-de-bruxelles-capitale
CDH,,2962,Schaerbeek,2019,parlement-de-la-région-de-bruxelles-capitale
MR,,3732,Schaerbeek,2019,parlement-de-la-région-de-bruxelles-capitale
Parti Populaire,,519,Schaerbeek,2019,parlement-de-la-région-de-bruxelles-capitale
N-VA,,947,Schaerbeek,2019,parlement-de-la-région-de-bruxelles-capitale
VLAAMS BELANG,,444,Schaerbeek,2019,parlement-de-la-région-de-bruxelles-capitale
CD&V,,466,Schaerbeek,2019,parlement-de-la-région-de-bruxelles-capitale
DéFI,,6721,Schaerbeek,2019,parlement-de-la-région-de-bruxelles-capitale
PTB,,6488,Schaerbeek,2019,parlement-de-la-région-de-bruxelles-capitale
LISTES DESTEXHE,,656,Schaerbeek,2019,parlement-de-la-région-de-bruxelles-capitale
GROEN,,1942,Schaerbeek,2019,parlement-de-la-région-de-bruxelles-capitale
PS,,10215,Schaerbeek,2019,parlement-de-la-région-de-bruxelles-capitale
PVDA,,455,Schaerbeek,2019,parlement-de-la-région-de-bruxelles-capitale
Agora,,612,Schaerbeek,2019,parlement-de-la-région-de-bruxelles-capitale
one.brussels-sp.a,,1053,Schaerbeek,2019,parlement-de-la-région-de-bruxelles-capitale
act-SALEM,,166,Schaerbeek,2019,parlement-de-la-région-de-bruxelles-capitale
DierAnimal,,424,Schaerbeek,2019,parlement-de-la-région-de-bruxelles-capitale
PLAN B,,101,Schaerbeek,2019,parlement-de-la-région-de-bruxelles-capitale
Hé,,57,Schaerbeek,2019,parlement-de-la-région-de-bruxelles-capitale
Be.One,,314,Schaerbeek,2019,parlement-de-la-région-de-bruxelles-capitale
COLLECTIF CITOYEN,,214,Schaerbeek,2019,parlement-de-la-région-de-bruxelles-capitale
DIERANIMAL - NL,,56,Schaerbeek,2019,parlement-de-la-région-de-bruxelles-capitale
be@eu,,56,Schaerbeek,2019,parlement-de-la-région-de-bruxelles-capitale
ECOLO,,7127,Uccle,2019,parlement-de-la-région-de-bruxelles-capitale
open vld,,703,Uccle,2019,parlement-de-la-région-de-bruxelles-capitale
CDH,,1898,Uccle,2019,parlement-de-la-région-de-bruxelles-capitale
MR,,9909,Uccle,2019,parlement-de-la-région-de-bruxelles-capitale
Parti Populaire,,465,Uccle,2019,parlement-de-la-région-de-bruxelles-capitale
N-VA,,738,Uccle,2019,parlement-de-la-région-de-bruxelles-capitale
VLAAMS BELANG,,205,Uccle,2019,parlement-de-la-région-de-bruxelles-capitale
CD&V,,229,Uccle,2019,parlement-de-la-région-de-bruxelles-capitale
DéFI,,5392,Uccle,2019,parlement-de-la-région-de-bruxelles-capitale
PTB,,2113,Uccle,2019,parlement-de-la-région-de-bruxelles-capitale
LISTES DESTEXHE,,1469,Uccle,2019,parlement-de-la-région-de-bruxelles-capitale
GROEN,,652,Uccle,2019,parlement-de-la-région-de-bruxelles-capitale
PS,,3489,Uccle,2019,parlement-de-la-région-de-bruxelles-capitale
PVDA,,72,Uccle,2019,parlement-de-la-région-de-bruxelles-capitale
Agora,,282,Uccle,2019,parlement-de-la-région-de-bruxelles-capitale
one.brussels-sp.a,,305,Uccle,2019,parlement-de-la-région-de-bruxelles-capitale
act-SALEM,,28,Uccle,2019,parlement-de-la-région-de-bruxelles-capitale
DierAnimal,,606,Uccle,2019,parlement-de-la-région-de-bruxelles-capitale
PLAN B,,70,Uccle,2019,parlement-de-la-région-de-bruxelles-capitale
Hé,,22,Uccle,2019,parlement-de-la-région-de-bruxelles-capitale
Be.One,,60,Uccle,2019,parlement-de-la-région-de-bruxelles-capitale
COLLECTIF CITOYEN,,149,Uccle,2019,parlement-de-la-région-de-bruxelles-capitale
DIERANIMAL - NL,,31,Uccle,2019,parlement-de-la-région-de-bruxelles-capitale
be@eu,,18,Uccle,2019,parlement-de-la-région-de-bruxelles-capitale
ECOLO,,3399,Watermael-Boitsfort,2019,parlement-de-la-région-de-bruxelles-capitale
open vld,,205,Watermael-Boitsfort,2019,parlement-de-la-région-de-bruxelles-capitale
CDH,,651,Watermael-Boitsfort,2019,parlement-de-la-région-de-bruxelles-capitale
MR,,2512,Watermael-Boitsfort,2019,parlement-de-la-région-de-bruxelles-capitale
Parti Populaire,,242,Watermael-Boitsfort,2019,parlement-de-la-région-de-bruxelles-capitale
N-VA,,214,Watermael-Boitsfort,2019,parlement-de-la-région-de-bruxelles-capitale
VLAAMS BELANG,,86,Watermael-Boitsfort,2019,parlement-de-la-région-de-bruxelles-capitale
CD&V,,84,Watermael-Boitsfort,2019,parlement-de-la-région-de-bruxelles-capitale
DéFI,,2170,Watermael-Boitsfort,2019,parlement-de-la-région-de-bruxelles-capitale
PTB,,810,Watermael-Boitsfort,2019,parlement-de-la-région-de-bruxelles-capitale
LISTES DESTEXHE,,320,Watermael-Boitsfort,2019,parlement-de-la-région-de-bruxelles-capitale
GROEN,,406,Watermael-Boitsfort,2019,parlement-de-la-région-de-bruxelles-capitale
PS,,1392,Watermael-Boitsfort,2019,parlement-de-la-région-de-bruxelles-capitale
PVDA,,40,Watermael-Boitsfort,2019,parlement-de-la-région-de-bruxelles-capitale
Agora,,170,Watermael-Boitsfort,2019,parlement-de-la-région-de-bruxelles-capitale
one.brussels-sp.a,,161,Watermael-Boitsfort,2019,parlement-de-la-région-de-bruxelles-capitale
act-SALEM,,7,Watermael-Boitsfort,2019,parlement-de-la-région-de-bruxelles-capitale
DierAnimal,,151,Watermael-Boitsfort,2019,parlement-de-la-région-de-bruxelles-capitale
PLAN B,,16,Watermael-Boitsfort,2019,parlement-de-la-région-de-bruxelles-capitale
Hé,,7,Watermael-Boitsfort,2019,parlement-de-la-région-de-bruxelles-capitale
Be.One,,25,Watermael-Boitsfort,2019,parlement-de-la-région-de-bruxelles-capitale
COLLECTIF CITOYEN,,75,Watermael-Boitsfort,2019,parlement-de-la-région-de-bruxelles-capitale
DIERANIMAL - NL,,15,Watermael-Boitsfort,2019,parlement-de-la-région-de-bruxelles-capitale
be@eu,,6,Watermael-Boitsfort,2019,parlement-de-la-région-de-bruxelles-capitale
ECOLO,,3589,Woluwe-Saint-Lambert,2019,parlement-de-la-région-de-bruxelles-capitale
open vld,,594,Woluwe-Saint-Lambert,2019,parlement-de-la-région-de-bruxelles-capitale
CDH,,1521,Woluwe-Saint-Lambert,2019,parlement-de-la-région-de-bruxelles-capitale
MR,,3816,Woluwe-Saint-Lambert,2019,parlement-de-la-région-de-bruxelles-capitale
Parti Populaire,,327,Woluwe-Saint-Lambert,2019,parlement-de-la-région-de-bruxelles-capitale
N-VA,,589,Woluwe-Saint-Lambert,2019,parlement-de-la-région-de-bruxelles-capitale
VLAAMS BELANG,,228,Woluwe-Saint-Lambert,2019,parlement-de-la-région-de-bruxelles-capitale
CD&V,,249,Woluwe-Saint-Lambert,2019,parlement-de-la-région-de-bruxelles-capitale
DéFI,,7340,Woluwe-Saint-Lambert,2019,parlement-de-la-région-de-bruxelles-capitale
PTB,,1184,Woluwe-Saint-Lambert,2019,parlement-de-la-région-de-bruxelles-capitale
LISTES DESTEXHE,,749,Woluwe-Saint-Lambert,2019,parlement-de-la-région-de-bruxelles-capitale
GROEN,,529,Woluwe-Saint-Lambert,2019,parlement-de-la-région-de-bruxelles-capitale
PS,,1624,Woluwe-Saint-Lambert,2019,parlement-de-la-région-de-bruxelles-capitale
PVDA,,58,Woluwe-Saint-Lambert,2019,parlement-de-la-région-de-bruxelles-capitale
Agora,,184,Woluwe-Saint-Lambert,2019,parlement-de-la-région-de-bruxelles-capitale
one.brussels-sp.a,,233,Woluwe-Saint-Lambert,2019,parlement-de-la-région-de-bruxelles-capitale
act-SALEM,,17,Woluwe-Saint-Lambert,2019,parlement-de-la-région-de-bruxelles-capitale
DierAnimal,,298,Woluwe-Saint-Lambert,2019,parlement-de-la-région-de-bruxelles-capitale
PLAN B,,43,Woluwe-Saint-Lambert,2019,parlement-de-la-région-de-bruxelles-capitale
Hé,,20,Woluwe-Saint-Lambert,2019,parlement-de-la-région-de-bruxelles-capitale
Be.One,,46,Woluwe-Saint-Lambert,2019,parlement-de-la-région-de-bruxelles-capitale
COLLECTIF CITOYEN,,105,Woluwe-Saint-Lambert,2019,parlement-de-la-région-de-bruxelles-capitale
DIERANIMAL - NL,,32,Woluwe-Saint-Lambert,2019,parlement-de-la-région-de-bruxelles-capitale
be@eu,,15,Woluwe-Saint-Lambert,2019,parlement-de-la-région-de-bruxelles-capitale
ECOLO,,2749,Woluwe-Saint-Pierre,2019,parlement-de-la-région-de-bruxelles-capitale
open vld,,677,Woluwe-Saint-Pierre,2019,parlement-de-la-région-de-bruxelles-capitale
CDH,,2095,Woluwe-Saint-Pierre,2019,parlement-de-la-région-de-bruxelles-capitale
MR,,5191,Woluwe-Saint-Pierre,2019,parlement-de-la-région-de-bruxelles-capitale
Parti Populaire,,204,Woluwe-Saint-Pierre,2019,parlement-de-la-région-de-bruxelles-capitale
N-VA,,407,Woluwe-Saint-Pierre,2019,parlement-de-la-région-de-bruxelles-capitale
VLAAMS BELANG,,110,Woluwe-Saint-Pierre,2019,parlement-de-la-région-de-bruxelles-capitale
CD&V,,235,Woluwe-Saint-Pierre,2019,parlement-de-la-région-de-bruxelles-capitale
DéFI,,2859,Woluwe-Saint-Pierre,2019,parlement-de-la-région-de-bruxelles-capitale
PTB,,571,Woluwe-Saint-Pierre,2019,parlement-de-la-région-de-bruxelles-capitale
LISTES DESTEXHE,,758,Woluwe-Saint-Pierre,2019,parlement-de-la-région-de-bruxelles-capitale
GROEN,,431,Woluwe-Saint-Pierre,2019,parlement-de-la-région-de-bruxelles-capitale
PS,,1050,Woluwe-Saint-Pierre,2019,parlement-de-la-région-de-bruxelles-capitale
PVDA,,32,Woluwe-Saint-Pierre,2019,parlement-de-la-région-de-bruxelles-capitale
Agora,,143,Woluwe-Saint-Pierre,2019,parlement-de-la-région-de-bruxelles-capitale
one.brussels-sp.a,,137,Woluwe-Saint-Pierre,2019,parlement-de-la-région-de-bruxelles-capitale
act-SALEM,,8,Woluwe-Saint-Pierre,2019,parlement-de-la-région-de-bruxelles-capitale
DierAnimal,,162,Woluwe-Saint-Pierre,2019,parlement-de-la-région-de-bruxelles-capitale
PLAN B,,18,Woluwe-Saint-Pierre,2019,parlement-de-la-région-de-bruxelles-capitale
Hé,,5,Woluwe-Saint-Pierre,2019,parlement-de-la-région-de-bruxelles-capitale
Be.One,,29,Woluwe-Saint-Pierre,2019,parlement-de-la-région-de-bruxelles-capitale
COLLECTIF CITOYEN,,56,Woluwe-Saint-Pierre,2019,parlement-de-la-région-de-bruxelles-capitale
DIERANIMAL - NL,,17,Woluwe-Saint-Pierre,2019,parlement-de-la-région-de-bruxelles-capitale
be@eu,,4,Woluwe-Saint-Pierre,2019,parlement-de-la-région-de-bruxelles-capitale
